Age of Members of 117th Congress,Title,Party,Age,Birthday,Number of Terms,Committee List
Sen. Tammy Baldwin (D-WI),US Senator,Democrat,60,2/11/1962,5,"Conference Secretary, Member | Appropriations, HELP, Commerce"
Sen. John Barrasso (R-WY),US Senator,Republican,69,7/21/1952,3,"Chairman | Energy (Ranking Member), Finance, Foreign Relations"
Sen. Michael Bennet (D-CO),US Senator,Democrat,57,11/28/1964,4,"Member | Finance, Intelligence, Agriculture"
Sen. Marsha Blackburn (R-TN),US Senator,Republican,69,6/6/1952,4,"Judiciary, Armed Services, Commerce, Veterans' Affairs"
Sen. Dick Blumenthal (D-CT),US Senator,Democrat,76,2/13/1946,3,"Member | Judiciary, Armed Services, Commerce, Veterans' Affairs, Aging"
Outgoing Sen. Roy Blunt (R-MO),US Senator,Republican,72,1/10/1950,5,"Chairman, Deputy Minority Whip | Senate Rules (Ranking Member), Appropriations, Intelligence, Commerce, Printing, Library"
Sen. Cory Booker (D-NJ),US Senator,Democrat,52,4/27/1969,3,"Chief Deputy Majority Whip, Vice Chair | Foreign Relations, Judiciary, Small Business, Agriculture"
Sen. John Boozman (R-AR),US Senator,Republican,71,12/10/1950,5,"Agriculture (Ranking Member), Appropriations, Environment, Veterans' Affairs"
Sen. Mike Braun (R-IN),US Senator,Republican,67,3/24/1954,1,"Appropriations, Budget, HELP, Agriculture, Aging"
Sen.-elect Katie Britt (R-AL),US Senator,Republican,40,2/2/1982,1,
Sen. Sherrod Brown (D-OH),US Senator,Democrat,69,11/9/1952,6,"Member | Banking (Chair), Finance, Agriculture, Veterans' Affairs"
Sen.-elect Ted Budd (R-NC),US Senator,Republican,50,10/21/1971,1,Financial Services
Outgoing Sen. Richard Burr (R-NC),US Senator,Republican,66,11/30/1955,5,"HELP (Ranking Member), Finance, Intelligence, Aging"
Sen. Maria Cantwell (D-WA),US Senator,Democrat,63,10/13/1958,4,"Member | Commerce (Chair), Finance, Energy, Small Business, Indian Affairs, Taxation"
Sen. Shelley Capito (R-WV),US Senator,Republican,68,11/26/1953,5,"Counsel to the Minority Leader, Deputy Minority Whip, Vice Chair | Environment (Ranking Member), Appropriations, Commerce, Senate Rules"
Sen. Ben Cardin (D-MD),US Senator,Democrat,78,10/5/1943,7,"Member | Small Business (Chair), Finance, Foreign Relations, Environment"
Sen. Tom Carper (D-DE),US Senator,Democrat,75,1/23/1947,4,"Deputy Whip, Member | Environment (Chair), Finance, Homeland Security"
Sen. Bob Casey (D-PA),US Senator,Democrat,61,4/13/1960,3,"Member | Aging (Chair), Finance, HELP, Intelligence"
Sen. Bill Cassidy (R-LA),US Senator,Republican,64,9/28/1957,3,"Finance, Energy, HELP, Veterans' Affairs, Economy"
Sen. Susan Collins (R-ME),US Senator,Republican,69,12/7/1952,5,"Appropriations, HELP, Intelligence, Aging"
Sen. Chris Coons (D-DE),US Senator,Democrat,58,9/9/1963,3,"Member | Ethics (Chair), Appropriations, Foreign Relations, Judiciary, Small Business"
Sen. John Cornyn (R-TX),US Senator,Republican,70,2/2/1952,5,"Finance, Judiciary, Intelligence"
Sen. Catherine Cortez Masto (D-NV),US Senator,Democrat,57,3/29/1964,2,"Member, Vice Chair of Outreach | Finance, Banking, Energy, Indian Affairs"
Sen. Tom Cotton (R-AR),US Senator,Republican,44,5/13/1977,3,"Judiciary, Armed Services, Intelligence, Economy"
Sen. Kevin Cramer (R-ND),US Senator,Republican,61,1/21/1961,2,"Banking, Budget, Armed Services, Environment, Veterans' Affairs"
Sen. Mike Crapo (R-ID),US Senator,Republican,70,5/20/1951,6,"Chair, Chief Deputy Minority Whip | Finance (Ranking Member), Banking, Budget, Taxation"
Sen. Ted Cruz (R-TX),US Senator,Republican,51,12/22/1970,2,"Foreign Relations, Judiciary, Commerce, Senate Rules, Economy"
Sen. Steve Daines (R-MT),US Senator,Republican,59,8/20/1962,3,"Chairman | Finance, Banking, Energy, Indian Affairs"
Sen. Tammy Duckworth (D-IL),US Senator,Democrat,54,3/12/1968,3,"Member | Armed Services, Small Business, Commerce, Environment"
Whip Dick Durbin (D-IL),US Senator,Democrat,77,11/21/1944,8,"Ex-Officio Member, Member, Senate Majority Whip | Judiciary (Chair), Appropriations, Agriculture"
Sen. Joni Ernst (R-IA),US Senator,Republican,51,7/1/1970,2,"Chair, Vice Chair | Armed Services, Small Business, Environment, Agriculture"
Sen. Dianne Feinstein (D-CA),US Senator,Democrat,88,6/22/1933,6,"Member | Appropriations, Judiciary, Intelligence, Senate Rules"
Sen.-elect John Fetterman (D-PA),US Senator,Democrat,53,8/15/1969,1,President of the Senate
Sen. Deb Fischer (R-NE),US Senator,Republican,71,3/1/1951,2,"Counsel to the Minority Leader, Deputy Minority Whip | Armed Services, Commerce, Agriculture, Senate Rules, Ethics"
Sen. Kirsten Gillibrand (D-NY),US Senator,Democrat,55,12/9/1966,3,"Member | Armed Services, Intelligence, Agriculture, Aging"
Sen. Lindsey Graham (R-SC),US Senator,Republican,66,7/9/1955,6,"Budget (Ranking Member), Appropriations, Judiciary, Environment"
Sen. Chuck Grassley (R-IA),US Senator,Republican,88,9/17/1933,9,"President Pro Tempore Emeritus | Judiciary (Ranking Member), Finance, Budget, Agriculture, Taxation"
Sen. Bill Hagerty (R-TN),US Senator,Republican,62,8/14/1959,1,"Appropriations, Banking, Foreign Relations, Senate Rules"
Sen. Maggie Hassan (D-NH),US Senator,Democrat,64,2/27/1958,2,"Chair | Finance, HELP, Homeland Security, Veterans' Affairs, Economy"
Sen. Josh Hawley (R-MO),US Senator,Republican,42,12/31/1979,1,"Judiciary, Armed Services, Homeland Security, Small Business"
Sen. Martin Heinrich (D-NM),US Senator,Democrat,50,10/17/1971,3,"Member | Economy (Vice Chair), Appropriations, Energy, Intelligence"
Sen. John Hickenlooper (D-CO),US Senator,Democrat,70,2/7/1952,1,"Energy, HELP, Small Business, Commerce"
Sen. Mazie Hirono (D-HI),US Senator,Democrat,74,11/3/1947,3,"Member | Judiciary, Armed Services, Energy, Small Business, Veterans' Affairs"
Sen. John Hoeven (R-ND),US Senator,Republican,65,3/13/1957,3,"Appropriations, Energy, Agriculture, Indian Affairs"
Sen. Cindy Hyde-Smith (R-MS),US Senator,Republican,62,5/10/1969,2,"Appropriations, Energy, Agriculture, Senate Rules"
Outgoing Sen. Jim Inhofe (R-OK),US Senator,Republican,87,11/17/1934,7,"Armed Services (Ranking Member), Small Business, Environment"
Sen. Ron Johnson (R-WI),US Senator,Republican,66,4/8/1955,3,"Budget, Foreign Relations, Homeland Security, Commerce"
Sen. Tim Kaine (D-VA),US Senator,Democrat,64,2/26/1958,2,"Member | Budget, Foreign Relations, Armed Services, HELP"
Sen. Mark Kelly (D-AZ),US Senator,Democrat,58,2/21/1964,2,"Armed Services, Energy, Environment, Aging, Economy"
Sen. John Kennedy (R-LA),US Senator,Republican,70,11/21/1951,2,"Appropriations, Banking, Budget, Judiciary, Small Business"
Sen. Angus King (I-ME),US Senator,Independent,77,3/31/1944,2,"Armed Services, Energy, Intelligence, Senate Rules, Printing"
Sen. Amy Klobuchar (D-MN),US Senator,Democrat,61,5/25/1960,3,"Chair, Chair of the Steering Committee, Member | Senate Rules (Chair), Printing (Chair), Library (Vice Chair), Judiciary, Commerce, Agriculture, Economy"
Sen. James Lankford (R-OK),US Senator,Republican,54,3/4/1968,3,"Deputy Minority Whip | Ethics (Ranking Member), Finance, Energy, Homeland Security, Indian Affairs"
Outgoing Sen. Patrick Leahy (D-VT),US Senator,Democrat,81,3/31/1940,8,"Member, President Pro Tempore | Appropriations (Chair), Judiciary, Agriculture, Senate Rules, Library"
Sen. Mike Lee (R-UT),US Senator,Republican,50,6/4/1971,3,"Chairman | Economy (Ranking Member), Judiciary, Energy, Commerce, Aging"
Sen. Ben Luján (D-NM),US Senator,Democrat,49,6/7/1972,3,"Budget, HELP, Commerce, Agriculture, Indian Affairs"
Sen. Cynthia Lummis (R-WY),US Senator,Republican,67,9/10/1954,1,"Banking, Commerce, Environment"
Sen. Joe Manchin (D-WV),US Senator,Democrat,74,8/24/1947,3,"Vice Chair, Vice Chair of the Senate Democratic Policy and Communications Committee | Energy (Chair), Appropriations, Armed Services, Veterans' Affairs"
Sen. Ed Markey (D-MA),US Senator,Democrat,75,7/11/1946,9,"Member | Foreign Relations, Small Business, Commerce, Environment"
Sen. Roger Marshall (R-KS),US Senator,Republican,61,8/9/1960,2,"Energy, HELP, Small Business, Agriculture"
Leader Mitch McConnell (R-KY),US Senator,Republican,80,2/20/1942,7,"Senate Minority Leader | Appropriations, Agriculture, Senate Rules"
Sen. Bob Menendez (D-NJ),US Senator,Democrat,68,1/1/1954,6,"Chair | Foreign Relations (Chair), Finance, Banking"
Sen. Jeff Merkley (D-OR),US Senator,Democrat,65,10/24/1956,3,"Chief Deputy Majority Whip, Member | Appropriations, Budget, Foreign Relations, Environment, Senate Rules"
Sen. Jerry Moran (R-KS),US Senator,Republican,67,5/29/1954,6,"Veterans' Affairs (Ranking Member), Appropriations, Banking, HELP, Commerce, Indian Affairs"
Sen.-elect Markwayne Mullin (R-OK),US Senator,Republican,44,7/26/1977,1,"Member | Energy, Intelligence"
Sen. Lisa Murkowski (R-AK),US Senator,Republican,64,5/22/1957,5,"Indian Affairs (Ranking Member), Appropriations, Energy, HELP"
Sen. Chris Murphy (D-CT),US Senator,Democrat,48,8/3/1973,3,"Member | Appropriations, Foreign Relations, HELP"
Sen. Patty Murray (D-WA),US Senator,Democrat,71,10/11/1950,6,"Assistant Majority Leader, Ex-Officio Member, Member | HELP (Chair), Appropriations, Budget, Veterans' Affairs"
Sen. Jon Ossoff (D-GA),US Senator,Democrat,35,2/16/1987,1,"Banking, Judiciary, Homeland Security, Senate Rules"
Sen. Alex Padilla (D-CA),US Senator,Democrat,48,3/22/1973,2,"Budget, Judiciary, Homeland Security, Environment, Senate Rules, Printing"
Sen. Rand Paul (R-KY),US Senator,Republican,59,1/7/1963,3,"Small Business (Ranking Member), Foreign Relations, HELP, Homeland Security"
Sen. Gary Peters (D-MI),US Senator,Democrat,63,12/1/1958,3,"Chair | Homeland Security (Chair), Armed Services, Commerce"
Outgoing Sen. Rob Portman (R-OH),US Senator,Republican,66,12/19/1955,2,"Counsel to the Minority Leader, Deputy Minority Whip | Homeland Security (Ranking Member), Finance, Foreign Relations, Economy"
Sen. Jack Reed (D-RI),US Senator,Democrat,72,11/12/1949,6,"Member, Regional Chair | Armed Services (Chair), Appropriations, Banking"
Sen. Jim Risch (R-ID),US Senator,Republican,78,5/3/1943,3,"Foreign Relations (Ranking Member), Energy, Intelligence, Small Business, Ethics"
Sen. Mitt Romney (R-UT),US Senator,Republican,75,3/12/1947,1,"Budget, Foreign Relations, HELP, Homeland Security"
Sen. Jacky Rosen (D-NV),US Senator,Democrat,64,8/2/1957,2,"Armed Services, HELP, Homeland Security, Small Business, Commerce, Aging"
Sen. Mike Rounds (R-SD),US Senator,Republican,67,10/24/1954,2,"Banking, Foreign Relations, Armed Services, Indian Affairs, Veterans' Affairs"
Sen. Marco Rubio (R-FL),US Senator,Republican,50,5/28/1971,3,"Intelligence (Vice Chair), Appropriations, Foreign Relations, Small Business, Aging"
Sen. Bernie Sanders (I-VT),US Senator,Independent,80,9/8/1941,6,"Chair of Outreach | Budget (Chair), Energy, HELP, Environment, Veterans' Affairs"
Outgoing Sen. Ben Sasse (R-NE),US Senator,Republican,50,2/22/1972,2,"Finance, Budget, Judiciary, Intelligence"
Sen. Brian Schatz (D-HI),US Senator,Democrat,49,10/20/1972,3,"Chair, Chief Deputy Majority Whip, Deputy Conference Secretary, Member | Indian Affairs (Chair), Appropriations, Foreign Relations, Commerce, Ethics"
Sen.-elect Eric Schmitt (R-MO),US Senator,Republican,47,6/20/1975,1,
Leader Chuck Schumer (D-NY),US Senator,Democrat,71,11/23/1950,8,"Chairman, Member, Senate Majority Leader | Senate Rules"
Sen. Rick Scott (R-FL),US Senator,Republican,69,12/1/1952,1,"Chairman | Budget, Armed Services, Homeland Security, Commerce, Aging"
Sen. Tim Scott (R-SC),US Senator,Republican,56,9/19/1965,3,"Assistant Chair, Deputy Minority Whip | Aging (Ranking Member), Finance, Banking, HELP, Small Business"
Sen. Jeanne Shaheen (D-NH),US Senator,Democrat,75,1/28/1947,3,"Member, Vice Chair | Appropriations, Foreign Relations, Armed Services, Small Business, Ethics"
Outgoing Sen. Richard Shelby (R-AL),US Senator,Republican,87,5/6/1934,8,"Appropriations (Ranking Member), Banking, Environment, Senate Rules, Library"
Sen. Kyrsten Sinema (I-AZ),US Senator,Independent,45,7/12/1976,2,"Banking, Homeland Security, Commerce, Veterans' Affairs"
Sen. Tina Smith (D-MN),US Senator,Democrat,64,3/4/1958,2,"Member | Banking, HELP, Agriculture, Indian Affairs"
Sen. Debbie Stabenow (D-MI),US Senator,Democrat,71,4/29/1950,5,"Chair, Chair of the Senate Democratic Policy and Communication Committee, Member | Agriculture (Chair), Finance, Budget, Environment, Taxation"
Sen. Dan Sullivan (R-AK),US Senator,Republican,57,11/13/1964,2,"Armed Services, Commerce, Environment, Veterans' Affairs"
Sen. Jon Tester (D-MT),US Senator,Democrat,65,8/21/1956,3,"Member | Veterans' Affairs (Chair), Appropriations, Banking, Commerce, Indian Affairs"
Whip John Thune (R-SD),US Senator,Republican,61,1/7/1961,4,"Senate Minority Whip | Finance, Commerce, Agriculture"
Sen. Thom Tillis (R-NC),US Senator,Republican,61,8/30/1960,2,"Deputy Minority Whip, Vice Chairman | Banking, Judiciary, Armed Services, Veterans' Affairs"
Outgoing Sen. Pat Toomey (R-PA),US Senator,Republican,60,11/17/1961,2,"Banking (Ranking Member), Finance, Budget"
Sen. Tommy Tuberville (R-AL),US Senator,Republican,67,9/18/1954,1,"Armed Services, HELP, Agriculture, Veterans' Affairs"
Sen.-elect David Vance (R-OH),US Senator,Republican,38,8/2/1984,1,
Sen. Chris Van Hollen (D-MD),US Senator,Democrat,63,1/10/1959,5,"Appropriations, Banking, Budget, Foreign Relations"
Sen. Mark Warner (D-VA),US Senator,Democrat,67,12/15/1954,3,"Member, Vice Chair of the Conference | Intelligence (Chair), Finance, Banking, Budget, Senate Rules, Library"
Sen. Raphael Warnock (D-GA),US Senator,Democrat,52,7/23/1969,2,"Banking, Commerce, Agriculture, Aging, Economy"
Sen. Elizabeth Warren (D-MA),US Senator,Democrat,72,6/22/1949,2,"Member, Vice Chair of the Conference | Finance, Banking, Armed Services, Aging"
Sen.-elect Peter Welch (D-VT),US Senator,Democrat,74,5/2/1947,1,"Chief Deputy Majority Whip | Energy, Intelligence, Oversight"
Sen. Sheldon Whitehouse (D-RI),US Senator,Democrat,66,10/20/1955,3,"Member | Finance, Budget, Judiciary, Environment"
Sen. Roger Wicker (R-MS),US Senator,Republican,70,7/5/1951,5,"Counsel to the Minority Leader | Commerce (Ranking Member), Armed Services, Environment, Senate Rules, Printing"
Sen. Ron Wyden (D-OR),US Senator,Democrat,72,5/3/1949,8,"Member | Finance (Chair), Taxation (Vice Chair), Budget, Energy, Intelligence"
Sen. Todd Young (R-IN),US Senator,Republican,49,8/24/1972,3,"Deputy Minority Whip | Finance, Foreign Relations, Small Business, Commerce"
Rep. Alma Adams (D-NC-12),US Representative,Democrat,75,5/27/1946,6,"Member | Financial Services, Agriculture, Education"
Rep. Robert Aderholt (R-AL-4),US Representative,Republican,56,7/22/1965,14,Appropriations
Rep. Pete Aguilar (D-CA-31),US Representative,Democrat,42,6/19/1979,5,"Chairman, Co-Chair, Democratic Caucus Chair, Member, Vice Chair | Appropriations, House Administration, U.S. Capitol"
Rep.-elect Mark Alford (R-MO-4),US Representative,Republican,59,10/4/1963,1,
Rep. Rick Allen (R-GA-12),US Representative,Republican,70,11/7/1951,5,"Member | Agriculture, Education"
Rep. Colin Allred (D-TX-32),US Representative,Democrat,38,4/15/1983,3,"Caucus Leadership Representative of Five Terms or Less, Chief Deputy Whip, Member, Vice Chair | Foreign Affairs, Transportation, Veterans' Affairs"
Rep. Mark Amodei (R-NV-2),US Representative,Republican,63,6/12/1958,7,Appropriations
Rep. Kelly Armstrong (R-ND-1),US Representative,Republican,45,10/8/1976,3,"Member, Small States Representative, Vice Chair for State Party Outreach | Energy, Ethics, Climate Crisis"
Rep. Jodey Arrington (R-TX-19),US Representative,Republican,50,3/9/1972,4,"Deputy Chair, Member | Ways and Means, Economy, Economic Disparity and Fairness in Growth"
Rep. Jake Auchincloss (D-MA-4),US Representative,Democrat,34,1/29/1988,2,"Financial Services (Vice Chair), Transportation"
Outgoing Rep. Cindy Axne (D-IA-3),US Representative,Democrat,56,4/20/1965,2,"Member | Financial Services, Agriculture"
Rep. Brian Babin (R-TX-36),US Representative,Republican,73,3/23/1948,5,"Transportation, Science / Technology"
Rep. Don Bacon (R-NE-2),US Representative,Republican,58,8/16/1963,4,"Member | Armed Services, Agriculture"
Rep. Jim Baird (R-IN-4),US Representative,Republican,76,6/4/1945,3,"Agriculture, Science / Technology"
Rep. Troy Balderson (R-OH-12),US Representative,Republican,60,1/16/1962,4,"Agriculture, Transportation"
Rep.-elect Becca Balint (D-VT-1),US Representative,Democrat,54,5/4/1968,1,President Pro Tem
Rep. Jim Banks (R-IN-3),US Representative,Republican,42,7/16/1979,4,"Member, Region VI Representative | Armed Services, Education, Veterans' Affairs"
Rep. Andy Barr (R-KY-6),US Representative,Republican,48,7/24/1973,6,"Member | Financial Services, Foreign Affairs"
Rep. Nanette Barragán (D-CA-44),US Representative,Democrat,45,9/15/1976,4,"Member | Energy, Homeland Security"
Rep.-elect Aaron Bean (R-FL-4),US Representative,Republican,55,1/25/1967,1,President Pro Tempore
Rep. Joyce Beatty (D-OH-3),US Representative,Democrat,72,3/12/1950,6,"Member | Financial Services, Economy"
Rep. Cliff Bentz (R-OR-2),US Representative,Republican,70,1/12/1952,2,"Member | Judiciary, Natural Resources"
Rep. Ami Bera (D-CA-7),US Representative,Democrat,57,3/2/1965,6,"Co-Chair, Member | Foreign Affairs, Science / Technology"
Rep. Jack Bergman (R-MI-1),US Representative,Republican,75,2/2/1947,4,"Member | Armed Services, Veterans' Affairs"
Rep. Don Beyer (D-VA-8),US Representative,Democrat,71,6/20/1950,5,"Finance Co-Chair | Economy (Chair), Ways and Means, Science / Technology"
Rep. Stephanie Bice (R-OK-5),US Representative,Republican,48,11/11/1973,2,"Member | Armed Services, Science / Technology, Economic Disparity and Fairness in Growth"
Rep. Andy Biggs (R-AZ-5),US Representative,Republican,63,11/7/1958,4,"Judiciary, Oversight"
Rep. Gus Bilirakis (R-FL-12),US Representative,Republican,59,2/8/1963,9,Member | Energy
Rep. Dan Bishop (R-NC-9),US Representative,Republican,57,7/1/1964,3,"Member | Judiciary, Homeland Security"
Rep. Sanford Bishop (D-GA-2),US Representative,Democrat,75,2/4/1947,16,"Appropriations, Agriculture"
Rep. Earl Blumenauer (D-OR-3),US Representative,Democrat,73,8/16/1948,15,Ways and Means
Rep. Lisa Blunt Rochester (D-DE-1),US Representative,Democrat,60,2/10/1962,4,Member | Energy
Rep. Lauren Boebert (R-CO-3),US Representative,Republican,35,12/1/1986,2,"Member | Budget, Natural Resources"
Rep. Suzanne Bonamici (D-OR-1),US Representative,Democrat,67,10/14/1954,7,"Member | Education, Science / Technology, Climate Crisis"
Rep. Mike Bost (R-IL-12),US Representative,Republican,61,12/30/1960,5,"Veterans' Affairs (Ranking Member), Transportation"
Outgoing Rep. Carolyn Bourdeaux (D-GA-7),US Representative,Democrat,51,6/3/1970,1,"Small Business, Transportation"
Rep. Jamaal Bowman (D-NY-16),US Representative,Democrat,45,4/1/1976,2,"Education, Science / Technology"
Rep. Brendan Boyle (D-PA-2),US Representative,Democrat,45,2/6/1977,5,"Budget (Vice Chair), Ways and Means"
Outgoing Rep. Kevin Brady (R-TX-8),US Representative,Republican,66,4/11/1955,13,"Texas Representative I | Ways and Means (Ranking Member), Taxation"
Rep.-elect Josh Brecheen (R-OK-2),US Representative,Republican,43,6/19/1979,1,
Outgoing Rep. Mo Brooks (R-AL-5),US Representative,Republican,67,4/29/1954,6,"Armed Services, Science / Technology"
Rep. Shontel Brown (D-OH-11),US Representative,Democrat,46,6/24/1975,2,"Agriculture, Oversight"
Rep. Julia Brownley (D-CA-26),US Representative,Democrat,69,8/28/1952,6,"Member | Natural Resources, Transportation, Veterans' Affairs, Climate Crisis"
Rep. Vern Buchanan (R-FL-16),US Representative,Republican,70,5/8/1951,9,Florida Representative | Ways and Means
Rep. Ken Buck (R-CO-4),US Representative,Republican,63,2/16/1959,5,"Judiciary, Foreign Affairs"
Rep. Larry Bucshon (R-IN-8),US Representative,Republican,59,5/31/1962,7,"Chair, Member | Energy"
Rep.-elect Nikki Budzinski (D-IL-13),US Representative,Democrat,45,3/11/1977,1,
Rep. Tim Burchett (R-TN-2),US Representative,Republican,57,8/25/1964,3,"Foreign Affairs, Transportation"
Rep. Mike Burgess (R-TX-26),US Representative,Republican,71,12/23/1950,11,"Member | Rules, Budget, Energy"
Rep.-elect Eric Burlison (R-MO-7),US Representative,Republican,46,10/2/1976,1,
Rep. Cori Bush (D-MO-1),US Representative,Democrat,45,7/21/1976,2,"Member | Judiciary, Oversight"
Outgoing Rep. Cheri Bustos (D-IL-17),US Representative,Democrat,60,10/17/1961,5,"Co-Chair, DCCC Chairwoman, Member | Appropriations, Agriculture"
Outgoing Rep. Kenneth Butterfield (D-NC-1),US Representative,Democrat,74,4/27/1947,10,"Chief Deputy Majority Whip, Senior Chief Deputy Majority Whip | Energy, House Administration, Library"
Rep. Ken Calvert (R-CA-42),US Representative,Republican,68,6/8/1953,16,"Deputy Chair, Member | Appropriations"
Rep. Kat Cammack (R-FL-3),US Representative,Republican,34,2/16/1988,2,"Member | Agriculture, Homeland Security, Economic Disparity and Fairness in Growth"
Rep.-elect Yadira Caraveo (D-CO-8),US Representative,Democrat,42,12/23/1980,1,
Rep. Salud Carbajal (D-CA-24),US Representative,Democrat,57,11/18/1964,4,"Armed Services, Agriculture, Transportation"
Rep. Tony Cárdenas (D-CA-29),US Representative,Democrat,58,3/31/1963,6,Energy
Rep. Mike Carey (R-OH-15),US Representative,Republican,51,3/13/1971,2,"Budget, Science / Technology"
Rep. Jerry Carl (R-AL-1),US Representative,Republican,63,6/17/1958,2,"Armed Services, Natural Resources"
Rep. André Carson (D-IN-7),US Representative,Democrat,47,10/16/1974,9,"Intelligence, Transportation"
Rep. Buddy Carter (R-GA-1),US Representative,Republican,64,9/6/1957,5,"Deputy Chair, Member | Budget, Energy, Climate Crisis"
Rep. John Carter (R-TX-31),US Representative,Republican,80,11/6/1941,11,Texas Representative II | Appropriations
Rep. Troy Carter (D-LA-2),US Representative,Democrat,58,10/26/1963,2,"Small Business, Transportation"
Rep. Matt Cartwright (D-PA-8),US Representative,Democrat,60,5/1/1961,6,"Co-Chair, Member, Policy and Communications Committee Co-Chair | Appropriations"
Rep.-elect Greg Casar (D-TX-35),US Representative,Democrat,33,5/4/1989,1,
Rep. Ed Case (D-HI-1),US Representative,Democrat,69,9/27/1952,3,"Appropriations, Natural Resources"
Rep. Sean Casten (D-IL-6),US Representative,Democrat,50,11/23/1971,3,"Member | Financial Services, Science / Technology, Climate Crisis"
Rep. Kathy Castor (D-FL-14),US Representative,Democrat,55,8/20/1966,9,"Member | Climate Crisis (Chair), Energy"
Rep. Joaquin Castro (D-TX-20),US Representative,Democrat,47,9/16/1974,6,"Co-Chair, Member | Foreign Affairs, Intelligence, Education"
Outgoing Rep. Madison Cawthorn (R-NC-11),US Representative,Republican,26,8/1/1995,1,"Member | Education, Veterans' Affairs"
Outgoing Rep. Steve Chabot (R-OH-1),US Representative,Republican,69,1/22/1953,6,"Judiciary, Foreign Affairs"
Rep.-elect Lori Chavez-DeRemer (R-OR-5),US Representative,Republican,54,4/7/1968,1,
Outgoing Rep. Liz Cheney (R-WY-1),US Representative,Republican,55,7/28/1966,3,"Member | Armed Services, U.S. Capitol"
Rep. Sheila Cherfilus-McCormick (D-FL-20),US Representative,Democrat,43,1/25/1979,2,"Foreign Affairs, Transportation, Veterans' Affairs"
Rep. Judy Chu (D-CA-27),US Representative,Democrat,68,7/7/1953,8,"Member | Ways and Means, Budget, Small Business"
Rep. David Cicilline (D-RI-1),US Representative,Democrat,60,7/15/1961,7,"Policy and Communications Committee Chair | Judiciary, Foreign Affairs"
Rep.-elect Juan Ciscomani (R-AZ-6),US Representative,Republican,40,8/30/1982,1,
Whip Katherine Clark (D-MA-5),US Representative,Democrat,58,4/17/1963,6,"Assistant Speaker, Democratic Caucus Vice Chair, House Minority Whip, Member | Appropriations"
Rep. Yvette Clarke (D-NY-9),US Representative,Democrat,57,11/21/1964,9,"Member | Energy, Homeland Security"
Rep. Emanuel Cleaver (D-MO-5),US Representative,Democrat,77,10/26/1944,10,"Financial Services, Homeland Security, Modernization of Congress"
Rep. Ben Cline (R-VA-6),US Representative,Republican,50,2/29/1972,3,"Member | Appropriations, Budget"
Rep. Michael Cloud (R-TX-27),US Representative,Republican,46,5/13/1975,4,"Member | Agriculture, Oversight"
Whip Jim Clyburn (D-SC-6),US Representative,Democrat,81,7/21/1940,16,"House Assistant Minority Leader, House Majority Whip"
Rep. Andrew Clyde (R-GA-9),US Representative,Republican,58,11/22/1963,2,"Member | Homeland Security, Oversight"
Rep. Steve Cohen (D-TN-9),US Representative,Democrat,72,5/24/1949,9,"Judiciary, Natural Resources, Transportation"
Rep. Tom Cole (R-OK-4),US Representative,Republican,72,4/28/1949,11,"Member, Region IX Representative | Rules (Ranking Member), Appropriations (Assistant Ranking Minority Member)"
Rep.-elect Mike Collins (R-GA-10),US Representative,Republican,55,7/2/1967,1,
Rep. James Comer (R-KY-1),US Representative,Republican,49,8/19/1972,5,"Oversight and Accountability | Oversight (Ranking Member), Education"
Rep. Gerry Connolly (D-VA-11),US Representative,Democrat,71,3/30/1950,8,"Foreign Affairs, Oversight"
Outgoing Rep. Connie Conway (R-CA-22),US Representative,Republican,72,9/25/1950,1,"Natural Resources, Veterans' Affairs"
Outgoing Rep. Jim Cooper (D-TN-5),US Representative,Democrat,67,6/19/1954,10,"Budget, Armed Services, Intelligence, Oversight"
Rep. Lou Correa (D-CA-46),US Representative,Democrat,64,1/24/1958,4,"Judiciary, Agriculture, Homeland Security"
Rep. Jim Costa (D-CA-16),US Representative,Democrat,69,4/13/1952,10,"Foreign Affairs, Natural Resources, Agriculture"
Rep. Joe Courtney (D-CT-2),US Representative,Democrat,68,4/6/1953,9,"Armed Services, Education"
Rep. Angie Craig (D-MN-2),US Representative,Democrat,50,2/14/1972,3,"Member | Energy, Agriculture, Small Business, Economic Disparity and Fairness in Growth"
Rep.-elect Elijah Crane (R-AZ-2),US Representative,Republican,42,1/3/1980,1,
Rep. Rick Crawford (R-AR-1),US Representative,Republican,56,1/22/1966,7,"Agriculture (Assistant Ranking Minority Member), Intelligence, Transportation"
Rep. Dan Crenshaw (R-TX-2),US Representative,Republican,38,3/14/1984,3,"Member | Energy, Climate Crisis"
Rep.-elect Jasmine Crockett (D-TX-30),US Representative,Democrat,41,3/29/1981,1,Freshman Representative
Rep. Jason Crow (D-CO-6),US Representative,Democrat,42,3/15/1979,3,"Armed Services, Intelligence, Small Business"
Rep. Henry Cuellar (D-TX-28),US Representative,Democrat,66,9/19/1955,10,"Chief Deputy Majority Whip, Chief Deputy Whip, Vice Chair | Appropriations"
Rep. John Curtis (R-UT-3),US Representative,Republican,61,5/10/1960,4,Member | Energy
Rep. Sharice Davids (D-KS-3),US Representative,Democrat,41,5/22/1980,3,"Chief Deputy Whip, Member, Regional Whip | Transportation (Vice Chair), Agriculture, Small Business, Economy"
Rep. Warren Davidson (R-OH-8),US Representative,Republican,52,3/1/1970,5,"Member | Financial Services, Economic Disparity and Fairness in Growth"
Rep. Danny Davis (D-IL-7),US Representative,Democrat,80,9/6/1941,14,"Ways and Means, Oversight"
Rep.-elect Don Davis (D-NC-1),US Representative,Democrat,51,8/29/1971,1,
Outgoing Rep. Rodney Davis (R-IL-13),US Representative,Republican,52,1/5/1970,5,"House Administration (Ranking Member), Agriculture, Transportation, Printing, Library, Modernization of Congress"
Rep. Madeleine Dean (D-PA-4),US Representative,Democrat,62,6/6/1959,3,"Member, Vice Chair | Judiciary (Vice Chair), Financial Services"
Outgoing Rep. Peter DeFazio (D-OR-4),US Representative,Democrat,74,5/27/1947,18,Transportation (Chair)
Rep. Diana DeGette (D-CO-1),US Representative,Democrat,64,7/29/1957,14,"Member | Energy, Natural Resources"
Rep.-elect Monica De la Cruz Hernandez (R-TX-15),US Representative,Republican,48,9/11/1974,1,
Rep. Rosa DeLauro (D-CT-3),US Representative,Democrat,79,3/2/1943,17,"Co-Chair, Member | Appropriations (Chair)"
Rep. Suzan DelBene (D-WA-1),US Representative,Democrat,60,2/17/1962,7,"Chair, Co-Chair, Member | Ways and Means (Vice Chair)"
Rep.-elect Christopher Deluzio (D-PA-17),US Representative,Democrat,38,7/13/1984,1,
Outgoing Rep. Val Demings (D-FL-10),US Representative,Democrat,65,3/12/1957,3,"Co-Chair, Member | Judiciary, Intelligence, Homeland Security"
Rep. Mark DeSaulnier (D-CA-11),US Representative,Democrat,69,3/31/1952,5,"Rules (Vice Chair), Education, Transportation, Oversight"
Rep. Scott DesJarlais (R-TN-4),US Representative,Republican,58,2/21/1964,7,"Armed Services, Agriculture"
Rep.-elect Anthony D'Esposito (R-NY-4),US Representative,Republican,40,2/22/1982,1,
Rep.-elect George Devolder-Santos (R-NY-3),US Representative,Republican,34,7/22/1988,1,
Rep. Mario Diaz-Balart (R-FL-25),US Representative,Republican,60,9/25/1961,11,"Member, Vice Chair for Redistricting | Appropriations"
Rep. Debbie Dingell (D-MI-12),US Representative,Democrat,68,11/23/1953,5,"Co-Chair, Finance Co-Chair, Member, Policy and Communications Committee Co-Chair | Energy, Natural Resources"
Rep. Lloyd Doggett (D-TX-35),US Representative,Democrat,75,10/6/1946,15,"Ways and Means, Budget, Taxation"
Rep. Byron Donalds (R-FL-19),US Representative,Republican,43,10/28/1978,2,"Member | Budget, Small Business, Oversight, Economic Disparity and Fairness in Growth"
Outgoing Rep. Mike Doyle (D-PA-18),US Representative,Democrat,68,8/5/1953,14,Energy
Rep.-elect John Duarte (R-CA-13),US Representative,Republican,56,9/9/1966,1,
Rep. Jeff Duncan (R-SC-3),US Representative,Republican,56,1/7/1966,7,Member | Energy
Rep. Neal Dunn (R-FL-2),US Representative,Republican,69,2/16/1953,4,Member | Energy
Rep.-elect Chuck Edwards (R-NC-11),US Representative,Republican,62,9/13/1960,1,
Rep. Jake Ellzey (R-TX-6),US Representative,Republican,52,1/24/1970,2,"Veterans' Affairs, Science / Technology"
Whip Tom Emmer (R-MN-6),US Representative,Republican,61,3/3/1961,5,"Chairman, House Majority Whip, NRCC Chairman | Financial Services"
Rep. Veronica Escobar (D-TX-16),US Representative,Democrat,52,9/15/1969,3,"Co-Chair, Policy and Communications Committee Co-Chair, Vice Chair | Judiciary, Armed Services, Ethics, Climate Crisis"
Rep. Anna Eshoo (D-CA-18),US Representative,Democrat,79,12/13/1942,16,Energy
Rep. Adriano Espaillat (D-NY-13),US Representative,Democrat,67,9/27/1954,4,"Appropriations, Education"
Rep. Ron Estes (R-KS-4),US Representative,Republican,65,7/19/1956,4,"Ways and Means, Economy"
Rep. Dwight Evans (D-PA-3),US Representative,Democrat,67,5/16/1954,5,"Ways and Means, Small Business"
Rep.-elect Mike Ezell (R-MS-4),US Representative,Republican,63,4/6/1959,1,
Rep. Pat Fallon (R-TX-4),US Representative,Republican,54,12/19/1967,2,"Armed Services, Oversight"
Rep. Randy Feenstra (R-IA-4),US Representative,Republican,53,1/14/1969,2,"Member | Budget, Agriculture, Science / Technology"
Rep. Drew Ferguson (R-GA-3),US Representative,Republican,55,11/15/1966,4,"Chief Deputy Minority Whip, Chief Deputy Whip | Ways and Means"
Rep. Brad Finstad (R-MN-1),US Representative,Republican,46,5/30/1976,2,"Agriculture, Education"
Rep. Michelle Fischbach (R-MN-7),US Representative,Republican,56,11/3/1965,2,"Rules, Judiciary, Agriculture"
Rep. Scott Fitzgerald (R-WI-5),US Representative,Republican,58,11/16/1963,2,"Member | Judiciary, Education, Small Business"
Rep. Brian Fitzpatrick (R-PA-1),US Representative,Republican,48,12/17/1973,4,"Foreign Affairs, Intelligence, Transportation"
Rep. Chuck Fleischmann (R-TN-3),US Representative,Republican,59,10/11/1962,7,Appropriations
Rep. Lizzie Fletcher (D-TX-7),US Representative,Democrat,47,2/13/1975,3,"Member | Energy, Science / Technology"
Rep. Mike Flood (R-NE-1),US Representative,Republican,47,2/23/1975,2,"Small Business, Oversight"
Rep. Mayra Flores (R-TX-34),US Representative,Republican,36,1/1/1986,1,"Agriculture, Homeland Security"
Rep. Bill Foster (D-IL-11),US Representative,Democrat,66,10/7/1955,6,"Financial Services, Science / Technology"
Rep.-elect Valerie Foushee (D-NC-4),US Representative,Democrat,66,5/7/1956,1,
Rep. Virginia Foxx (R-NC-5),US Representative,Republican,78,6/29/1943,10,"Education (Ranking Member), Oversight"
Rep. Lois Frankel (D-FL-21),US Representative,Democrat,73,5/16/1948,6,"Co-Chair | Appropriations, Veterans' Affairs"
Rep. Scott Franklin (R-FL-15),US Representative,Republican,57,8/23/1964,2,"Armed Services, Oversight"
Rep.-elect Maxwell Frost (D-FL-10),US Representative,Democrat,25,1/17/1997,1,
Rep.-elect Russell Fry (R-SC-7),US Representative,Republican,37,1/31/1985,1,
Rep. Russ Fulcher (R-ID-1),US Representative,Republican,60,3/9/1962,3,"Member | Natural Resources, Education"
Rep. Matt Gaetz (R-FL-1),US Representative,Republican,39,5/7/1982,4,"Judiciary, Armed Services"
Rep. Mike Gallagher (R-WI-8),US Representative,Republican,38,3/3/1984,4,"Member | Armed Services, Intelligence, Transportation"
Rep. Ruben Gallego (D-AZ-7),US Representative,Democrat,42,11/20/1979,5,"Armed Services, Natural Resources, Veterans' Affairs"
Rep. John Garamendi (D-CA-3),US Representative,Democrat,77,1/24/1945,8,"Armed Services, Transportation"
Rep. Andrew Garbarino (R-NY-2),US Representative,Republican,37,9/27/1984,2,"Member | Homeland Security, Small Business"
Rep. Chuy Garcia (D-IL-4),US Representative,Democrat,65,4/12/1956,3,"Regional Whip | Natural Resources (Vice Chair), Financial Services, Transportation"
Rep. Mike Garcia (R-CA-25),US Representative,Republican,45,4/24/1976,3,"Member | Appropriations, Science / Technology"
Rep. Sylvia Garcia (D-TX-29),US Representative,Democrat,71,9/6/1950,3,"Vice Chair | Financial Services, Judiciary, Armed Services"
Outgoing Rep. Bob Gibbs (R-OH-7),US Representative,Republican,67,6/14/1954,6,"Transportation, Oversight"
Rep. Carlos Gimenez (R-FL-26),US Representative,Republican,68,1/17/1954,2,"Assistant Whip, Member | Homeland Security, Transportation, Science / Technology"
Rep.-elect Kristina Gluesenkamp Perez (D-WA-3),US Representative,Democrat,34,6/6/1988,1,
Outgoing Rep. Louie Gohmert (R-TX-1),US Representative,Republican,68,8/18/1953,9,"Natural Resources (Assistant Ranking Minority Member), Judiciary"
Rep. Jared Golden (D-ME-2),US Representative,Democrat,39,7/25/1982,3,"Member | Armed Services, Small Business"
Rep.-elect Daniel Goldman (D-NY-10),US Representative,Democrat,46,2/26/1976,1,
Rep. Jimmy Gomez (D-CA-34),US Representative,Democrat,47,11/25/1974,4,"Vice Chair | Oversight (Vice Chair), Ways and Means"
Rep. Tony Gonzales (R-TX-23),US Representative,Republican,41,10/10/1980,2,"Assistant Whip, Member | Appropriations"
Outgoing Rep. Anthony Gonzalez (R-OH-16),US Representative,Republican,37,9/18/1984,2,"Member | Financial Services, Science / Technology, Climate Crisis"
Rep. Vicente Gonzalez (D-TX-15),US Representative,Democrat,54,9/4/1967,4,"Financial Services, Foreign Affairs, Economic Disparity and Fairness in Growth"
Commish. Jenniffer González-Colón (PNP-PR-1),US Resident Commissioner,New Progressive Party,45,8/5/1976,2,"Member | Natural Resources (Ranking Member), Transportation"
Rep. Bob Good (R-VA-5),US Representative,Republican,56,9/11/1965,2,"Budget, Education"
Rep. Lance Gooden (R-TX-5),US Representative,Republican,39,12/1/1982,3,Financial Services
Rep. Paul Gosar (R-AZ-4),US Representative,Republican,63,11/27/1958,7,
Rep. Josh Gottheimer (D-NJ-5),US Representative,Democrat,47,3/8/1975,4,"Member | Financial Services, Homeland Security"
Rep. Kay Granger (R-TX-12),US Representative,Republican,79,1/18/1943,14,Member | Appropriations (Ranking Member)
Rep. Garret Graves (R-LA-6),US Representative,Republican,50,1/31/1972,5,"Chair | Climate Crisis (Ranking Member), Natural Resources, Transportation"
Rep. Sam Graves (R-MO-6),US Representative,Republican,58,11/7/1963,12,"Transportation (Ranking Member), Armed Services"
Rep. Al Green (D-TX-9),US Representative,Democrat,74,9/1/1947,10,"Financial Services, Homeland Security"
Rep. Mark Green (R-TN-7),US Representative,Republican,57,11/8/1964,3,"Member | Armed Services, Foreign Affairs"
Rep. Marjorie Taylor Greene (R-GA-14),US Representative,Republican,47,5/27/1974,2,Member
Rep. Morgan Griffith (R-VA-9),US Representative,Republican,64,3/15/1958,7,Member | Energy
Rep. Raúl Grijalva (D-AZ-3),US Representative,Democrat,74,2/19/1948,11,"Natural Resources (Chair), Education"
Rep. Glenn Grothman (R-WI-6),US Representative,Republican,66,7/3/1955,5,"Budget, Education, Oversight"
Rep. Michael Guest (R-MS-3),US Representative,Republican,52,2/4/1970,3,"Ethics (Ranking Member), Homeland Security, Transportation"
Rep. Brett Guthrie (R-KY-2),US Representative,Republican,58,2/18/1964,8,Co-Chair | Energy
Rep.-elect Harriet Hageman (R-WY-1),US Representative,Republican,60,10/18/1962,1,Freshman Policy Chair
Rep. Josh Harder (D-CA-10),US Representative,Democrat,35,8/1/1986,3,"Member | Appropriations, Agriculture"
Rep. Andy Harris (R-MD-1),US Representative,Republican,65,1/5/1957,7,Appropriations
Rep. Diana Harshbarger (R-TN-1),US Representative,Republican,62,1/1/1960,2,"Assistant Whip, Member | Education, Homeland Security"
Outgoing Rep. Vicky Hartzler (R-MO-4),US Representative,Republican,61,10/13/1960,6,"Armed Services, Agriculture"
Rep. Jahana Hayes (D-CT-5),US Representative,Democrat,49,3/8/1973,3,"Member | Agriculture, Education"
Rep. Kevin Hern (R-OK-1),US Representative,Republican,60,12/4/1961,4,"Chair, Member | Ways and Means"
Outgoing Rep. Yvette Herrell (R-NM-2),US Representative,Republican,57,3/16/1964,1,"Member | Natural Resources, Oversight"
Outgoing Rep. Jaime Herrera Beutler (R-WA-3),US Representative,Republican,43,11/3/1978,6,"Appropriations, Economy"
Outgoing Rep. Jody Hice (R-GA-10),US Representative,Republican,61,4/22/1960,4,"Natural Resources, Oversight"
Rep. Brian Higgins (D-NY-26),US Representative,Democrat,62,10/6/1959,10,"Ways and Means, Budget"
Rep. Clay Higgins (R-LA-3),US Representative,Republican,60,8/24/1961,4,"Homeland Security, Oversight"
Rep. French Hill (R-AR-2),US Representative,Republican,65,12/5/1956,5,"Member, Vice Chair for Policy | Financial Services"
Rep. Jim Himes (D-CT-4),US Representative,Democrat,55,7/5/1966,8,"Co-Chair | Economic Disparity and Fairness in Growth (Chair), Financial Services, Intelligence"
Rep. Ashley Hinson (R-IA-1),US Representative,Republican,38,6/27/1983,2,"Member | Appropriations, Budget"
Outgoing Rep. Trey Hollingsworth (R-IN-9),US Representative,Republican,38,9/12/1983,3,Financial Services
Rep. Steven Horsford (D-NV-4),US Representative,Democrat,48,4/29/1973,3,"Member | Ways and Means, Budget, Armed Services"
Rep.-elect Erin Houchin (R-IN-9),US Representative,Republican,46,9/24/1976,1,
Rep. Chrissy Houlahan (D-PA-6),US Representative,Democrat,54,6/5/1967,3,"Member | Armed Services, Foreign Affairs, Small Business"
Leader Steny Hoyer (D-MD-5),US Representative,Democrat,82,6/14/1939,22,House Majority Leader
Rep.-elect Val Hoyle (D-OR-4),US Representative,Democrat,58,2/14/1964,1,
Rep. Richard Hudson (R-NC-8),US Representative,Republican,50,11/4/1971,6,"Chair, Chairman, Deputy Republican Whip, House Republican Conference Secretary, Member, Secretary, Vice Chair for Patriot | Energy"
Rep. Jared Huffman (D-CA-2),US Representative,Democrat,58,2/18/1964,6,"Natural Resources, Transportation, Climate Crisis"
Rep. Bill Huizenga (R-MI-2),US Representative,Republican,53,1/31/1969,7,Member | Financial Services
Rep.-elect Wesley Hunt (R-TX-38),US Representative,Republican,41,9/13/1981,1,
Rep. Darrell Issa (R-CA-50),US Representative,Republican,68,11/1/1953,2,"Judiciary, Foreign Affairs"
Rep.-elect Glenn Ivey (D-MD-4),US Representative,Democrat,61,2/27/1961,1,
Rep.-elect Jeff Jackson (D-NC-14),US Representative,Democrat,40,9/12/1982,1,
Rep.-elect Jonathan Jackson (D-IL-1),US Representative,Democrat,56,1/7/1966,1,
Rep. Ronny Jackson (R-TX-13),US Representative,Republican,54,5/4/1967,2,"Assistant Whip | Armed Services, Foreign Affairs"
Rep. Sheila Jackson Lee (D-TX-18),US Representative,Democrat,72,1/12/1950,15,"Chief Deputy Majority Whip, Chief Deputy Whip, Member | Budget, Judiciary, Homeland Security"
Outgoing Rep. Chris Jacobs (R-NY-27),US Representative,Republican,55,11/28/1966,2,"Agriculture, Education"
Rep. Sara Jacobs (D-CA-53),US Representative,Democrat,33,2/1/1989,2,"Caucus Leadership Representative of Five Terms or Less, Member, Vice Chair | Armed Services, Foreign Affairs, Economic Disparity and Fairness in Growth"
Rep.-elect John James (R-MI-10),US Representative,Republican,41,6/8/1981,1,
Rep. Pramila Jayapal (D-WA-7),US Representative,Democrat,56,9/21/1965,4,"Member | Budget, Judiciary, Education, Economic Disparity and Fairness in Growth"
Leader Hakeem Jeffries (D-NY-8),US Representative,Democrat,51,8/4/1970,6,"Chair, Chairman, Democratic Caucus Chair, House Minority Leader, Member | Budget, Judiciary"
Rep. Bill Johnson (R-OH-6),US Representative,Republican,67,11/10/1954,7,Member | Energy
Rep. Dusty Johnson (R-SD-1),US Representative,Republican,45,9/30/1976,3,"Member | Agriculture, Transportation"
Outgoing Rep. Eddie Johnson (D-TX-30),US Representative,Democrat,86,12/3/1935,15,"Member | Science / Technology (Chair), Transportation"
Rep. Hank Johnson (D-GA-4),US Representative,Democrat,67,10/2/1954,9,"Senior Whip | Judiciary, Transportation, Oversight"
Rep. Mike Johnson (R-LA-4),US Representative,Republican,50,1/30/1972,4,"Assistant Whip, House Republican Conference Vice Chair, Member, Vice Chair | Judiciary, Armed Services"
Outgoing Rep. Mondaire Jones (D-NY-17),US Representative,Democrat,34,5/18/1987,1,"Freshman Representative | Judiciary, Education, Ethics"
Rep. Jim Jordan (R-OH-4),US Representative,Republican,58,2/17/1964,9,"Chair, Oversight and Accountability | Judiciary (Ranking Member), Oversight"
Rep. Dave Joyce (R-OH-14),US Representative,Republican,64,3/17/1957,6,"Ohio Representative | Appropriations, Ethics, Modernization of Congress"
Rep. John Joyce (R-PA-13),US Representative,Republican,65,2/8/1957,3,Member | Energy
Outgoing Rep. Kai Kahele (D-HI-2),US Representative,Democrat,47,3/28/1974,1,"Armed Services, Transportation"
Rep.-elect Sydney Kamlager-Dove (D-CA-37),US Representative,Democrat,50,May-72,1,
Rep. Marcy Kaptur (D-OH-9),US Representative,Democrat,75,6/17/1946,21,"Member | Appropriations, Agriculture, Veterans' Affairs, Economic Disparity and Fairness in Growth"
Outgoing Rep. John Katko (R-NY-24),US Representative,Republican,59,11/9/1962,4,"Chair, Vice Chair for Member Services | Homeland Security (Ranking Member), Transportation"
Rep.-elect Tom Kean (R-NJ-7),US Representative,Republican,54,9/5/1968,1,
Rep. Bill Keating (D-MA-9),US Representative,Democrat,69,9/6/1952,7,"Armed Services, Foreign Affairs"
Outgoing Rep. Fred Keller (R-PA-12),US Representative,Republican,56,10/23/1965,2,"Assistant Whip, Member | Education, Oversight"
Rep. Mike Kelly (R-PA-16),US Representative,Republican,73,5/10/1948,7,"Member, Region II Representative | Ways and Means"
Rep. Robin Kelly (D-IL-2),US Representative,Democrat,65,4/30/1956,6,"Co-Chair, Member | Energy (Vice Chair), Oversight"
Rep. Trent Kelly (R-MS-1),US Representative,Republican,56,3/1/1966,5,"Armed Services, Intelligence, Agriculture"
Rep. Ro Khanna (D-CA-17),US Representative,Democrat,45,9/13/1976,4,"Member | Armed Services, Agriculture, Oversight"
Rep.-elect Jen Kiggans (R-VA-2),US Representative,Republican,51,5/18/1971,1,
Rep. Dan Kildee (D-MI-5),US Representative,Democrat,63,8/11/1958,6,"Chair, Chief Deputy Majority Whip, Co-Chair | Ways and Means, Budget, Science / Technology"
Rep.-elect Kevin Kiley (R-CA-3),US Representative,Republican,37,1/30/1985,1,
Rep. Derek Kilmer (D-WA-6),US Representative,Democrat,48,1/1/1974,6,"Member | Modernization of Congress (Chair), Appropriations"
Rep. Andy Kim (D-NJ-3),US Representative,Democrat,39,7/12/1982,3,"Member | Armed Services, Foreign Affairs, Small Business"
Rep. Young Kim (R-CA-39),US Representative,Republican,59,10/18/1962,2,"Member | Foreign Affairs, Small Business, Science / Technology"
Outgoing Rep. Ron Kind (D-WI-3),US Representative,Democrat,58,3/16/1963,13,Ways and Means
Outgoing Rep. Adam Kinzinger (R-IL-16),US Representative,Republican,44,2/27/1978,6,"Energy, Foreign Affairs, U.S. Capitol"
Outgoing Rep. Ann Kirkpatrick (D-AZ-2),US Representative,Democrat,71,3/24/1950,2,Member | Appropriations
Rep. Raja Krishnamoorthi (D-IL-8),US Representative,Democrat,48,7/19/1973,4,"Member | Intelligence, Oversight"
Rep. Annie Kuster (D-NH-2),US Representative,Democrat,65,9/5/1956,6,"Member | Energy, Agriculture"
Rep. David Kustoff (R-TN-8),US Representative,Republican,55,10/8/1966,4,Ways and Means
Rep. Darin LaHood (R-IL-18),US Representative,Republican,53,7/5/1968,5,"Member, Vice Chair for Finance | Ways and Means, Intelligence"
Rep.-elect Nick LaLota (R-NY-1),US Representative,Republican,44,5/23/1978,1,
Rep. Doug LaMalfa (R-CA-1),US Representative,Republican,61,7/2/1960,6,"Agriculture, Transportation"
Outgoing Rep. Conor Lamb (D-PA-17),US Representative,Democrat,37,6/27/1984,3,"Transportation, Veterans' Affairs, Science / Technology"
Rep. Doug Lamborn (R-CO-5),US Representative,Republican,67,5/24/1954,9,"Armed Services, Natural Resources"
Rep.-elect Greg Landsman (D-OH-1),US Representative,Democrat,46,12/4/1976,1,
Outgoing Rep. Jim Langevin (D-RI-2),US Representative,Democrat,57,4/22/1964,11,"Senior Whip | Armed Services, Homeland Security"
Rep.-elect Nick Langworthy (R-NY-23),US Representative,Republican,41,2/27/1981,1,
Rep. Rick Larsen (D-WA-2),US Representative,Democrat,56,6/15/1965,12,"Armed Services, Transportation"
Rep. John Larson (D-CT-1),US Representative,Democrat,73,7/22/1948,13,Ways and Means
Rep. Bob Latta (R-OH-5),US Representative,Republican,65,4/18/1956,9,"Member | Energy, Modernization of Congress"
Rep. Jake LaTurner (R-KS-2),US Representative,Republican,34,2/17/1988,2,"Assistant Whip, Member | Homeland Security, Science / Technology, Oversight"
Rep.-elect Michael Lawler (R-NY-17),US Representative,Republican,36,9/9/1986,1,
Outgoing Rep. Brenda Lawrence (D-MI-14),US Representative,Democrat,67,10/18/1954,4,"Co-Chair | Appropriations (Vice Chair), Oversight"
Outgoing Rep. Al Lawson (D-FL-5),US Representative,Democrat,73,9/21/1948,3,"Financial Services, Agriculture"
Rep. Barbara Lee (D-CA-13),US Representative,Democrat,75,7/16/1946,14,"Co-Chair, Member | Appropriations, Budget"
Rep.-elect Laurel Lee (R-FL-15),US Representative,Republican,48,3/26/1974,1,
Rep.-elect Summer Lee (D-PA-12),US Representative,Democrat,35,11/26/1987,1,
Rep. Susie Lee (D-NV-3),US Representative,Democrat,55,11/7/1966,3,Member | Appropriations
Rep. Teresa Leger Fernandez (D-NM-3),US Representative,Democrat,62,7/1/1959,2,"Member | Natural Resources, Education, House Administration, Printing"
Rep. Debbie Lesko (R-AZ-8),US Representative,Republican,63,11/14/1958,4,"Assistant Whip, Leader Designee, Member | Energy"
Rep. Julia Letlow (R-LA-5),US Representative,Republican,40,3/16/1981,2,Member | Appropriations
Outgoing Rep. Andy Levin (D-MI-9),US Representative,Democrat,61,8/10/1960,2,"Education (Vice Chair), Foreign Affairs"
Rep. Mike Levin (D-CA-49),US Representative,Democrat,43,10/20/1978,3,"Member | Veterans' Affairs (Vice Chair), Natural Resources, Climate Crisis"
Rep. Ted Lieu (D-CA-33),US Representative,Democrat,52,3/29/1969,5,"Co-Chair, Democratic Caucus Vice Chair, Member, Policy and Communications Committee Co-Chair, Vice Chair | Judiciary, Foreign Affairs"
Rep. Zoe Lofgren (D-CA-19),US Representative,Democrat,74,12/21/1947,15,"Member | House Administration (Chair), Library (Chair), Printing (Vice Chair), Judiciary, Science / Technology, U.S. Capitol, Modernization of Congress"
Outgoing Rep. Billy Long (R-MO-7),US Representative,Republican,66,8/11/1955,6,Member | Energy
Rep. Barry Loudermilk (R-GA-11),US Representative,Republican,58,12/22/1963,5,"Member, Region IV Representative | Financial Services, House Administration, Printing, Library"
Outgoing Rep. Alan Lowenthal (D-CA-47),US Representative,Democrat,81,3/8/1941,5,"Natural Resources, Transportation"
Rep. Frank Lucas (R-OK-3),US Representative,Republican,62,1/6/1960,16,"Science / Technology (Ranking Member), Financial Services"
Rep. Blaine Luetkemeyer (R-MO-3),US Representative,Republican,69,5/7/1952,8,"Member, Region X Representative | Small Business (Ranking Member), Financial Services"
Rep.-elect Anna Luna (R-FL-13),US Representative,Republican,33,5/6/1989,1,
Outgoing Rep. Elaine Luria (D-VA-2),US Representative,Democrat,46,8/15/1975,2,"Member | Armed Services (Vice Chair), Homeland Security, Veterans' Affairs, U.S. Capitol"
Rep.-elect Morgan Luttrell (R-TX-8),US Representative,Republican,47,11/7/1975,1,
Rep. Stephen Lynch (D-MA-8),US Representative,Democrat,66,3/31/1955,12,"Financial Services, Transportation, Oversight"
Rep. Nancy Mace (R-SC-1),US Representative,Republican,44,12/4/1977,2,"Member, Vice Chair - 117th Class Representative | Transportation, Veterans' Affairs, Oversight"
Rep.-elect Seth Magaziner (D-RI-2),US Representative,Democrat,39,7/22/1983,1,
Outgoing Rep. Tom Malinowski (D-NJ-7),US Representative,Democrat,56,9/23/1965,2,"Member | Foreign Affairs (Vice Chair), Homeland Security, Transportation"
Rep. Nicole Malliotakis (R-NY-11),US Representative,Republican,41,11/11/1980,2,"Assistant Whip, Member | Foreign Affairs, Transportation"
Outgoing Rep. Carolyn Maloney (D-NY-12),US Representative,Democrat,76,2/19/1946,15,"Member | Oversight (Chair), Financial Services"
Outgoing Rep. Sean Maloney (D-NY-18),US Representative,Democrat,55,7/30/1966,5,"Chair | Intelligence, Agriculture, Transportation"
Rep. Tracey Mann (R-KS-1),US Representative,Republican,45,12/17/1976,2,"Agriculture, Veterans' Affairs"
Rep. Kathy Manning (D-NC-6),US Representative,Democrat,65,12/3/1956,2,"Member | Foreign Affairs, Education"
Rep. Thomas Massie (R-KY-4),US Representative,Republican,51,1/13/1971,7,"Judiciary, Transportation"
Rep. Brian Mast (R-FL-18),US Representative,Republican,41,7/10/1980,4,"Member | Foreign Affairs, Transportation"
Rep. Doris Matsui (D-CA-6),US Representative,Democrat,77,9/25/1944,10,Member | Energy
Rep. Lucy McBath (D-GA-6),US Representative,Democrat,61,6/1/1960,3,"Member | Judiciary, Education"
Leader Kevin McCarthy (R-CA-23),US Representative,Republican,57,1/26/1965,9,"House Minority Leader, Republican Leader, Speaker of the House"
Rep. Michael McCaul (R-TX-10),US Representative,Republican,60,1/14/1962,10,"Chair, Member | Foreign Affairs (Ranking Member), Homeland Security"
Rep. Lisa McClain (R-MI-10),US Representative,Republican,55,4/7/1966,2,"Member, Secretary | Armed Services, Education"
Rep. Tom McClintock (R-CA-4),US Representative,Republican,65,7/10/1956,8,"Member | Budget, Judiciary, Natural Resources"
Rep. Betty McCollum (D-MN-4),US Representative,Democrat,67,7/12/1954,12,"Member | Appropriations, Natural Resources"
Rep.-elect Richard McCormick (R-GA-6),US Representative,Republican,75,7/20/1947,1,
Rep.-elect Morgan McGarvey (D-KY-3),US Representative,Democrat,43,12/23/1979,1,Minority Floor Leader
Rep. Jim McGovern (D-MA-2),US Representative,Democrat,62,11/20/1959,14,"Rules (Chair), Agriculture"
Rep. Patrick McHenry (R-NC-10),US Representative,Republican,46,10/22/1975,10,"Chair, Region III Representative | Financial Services (Ranking Member)"
Outgoing Rep. David McKinley (R-WV-1),US Representative,Republican,74,3/28/1947,6,Member | Energy
Rep. Cathy McMorris Rodgers (R-WA-5),US Representative,Republican,52,5/22/1969,10,"Chair, Member, Region XI Representative | Energy (Ranking Member)"
Outgoing Rep. Jerry McNerney (D-CA-9),US Representative,Democrat,70,6/18/1951,8,"Energy, Science / Technology"
Rep. Gregory Meeks (D-NY-5),US Representative,Democrat,68,9/25/1953,14,"Foreign Affairs (Chair), Financial Services"
Outgoing Rep. Peter Meijer (R-MI-3),US Representative,Republican,34,1/10/1988,1,"Foreign Affairs, Homeland Security, Science / Technology"
Rep.-elect Rob Menendez (D-NJ-8),US Representative,Democrat,37,7/12/1985,1,
Rep. Grace Meng (D-NY-6),US Representative,Democrat,46,10/1/1975,6,"Member, Organization, Study, and Review Chair | Appropriations"
Rep. Dan Meuser (R-PA-9),US Representative,Republican,58,2/10/1964,3,"Foreign Affairs, Small Business"
Rep. Kweisi Mfume (D-MD-7),US Representative,Democrat,73,10/24/1948,3,"Small Business (Vice Chair), Education, Oversight"
Rep. Carol Miller (R-WV-3),US Representative,Republican,71,11/4/1950,3,"Assistant Whip, Vice Chair for Recruitment | Ways and Means, Climate Crisis"
Rep. Mary Miller (R-IL-15),US Representative,Republican,62,8/27/1959,2,"Member | Agriculture, Education"
Rep.-elect Max Miller (R-OH-7),US Representative,Republican,34,11/13/1988,1,118th Class Representative
Rep. Mariannette Miller-Meeks (R-IA-2),US Representative,Republican,66,9/6/1955,2,"Chair, Member | Education, Homeland Security, Veterans' Affairs"
Rep.-elect Cory Mills (R-FL-7),US Representative,Republican,42,7/13/1980,1,
Rep.-elect Marc Molinaro (R-NY-19),US Representative,Republican,47,10/8/1975,1,
Rep. John Moolenaar (R-MI-4),US Representative,Republican,60,5/8/1961,5,Appropriations
Rep. Alex Mooney (R-WV-2),US Representative,Republican,50,6/7/1971,5,Member | Financial Services
Rep. Barry Moore (R-AL-2),US Representative,Republican,55,9/26/1966,2,"Agriculture, Veterans' Affairs"
Rep. Blake Moore (R-UT-1),US Representative,Republican,41,6/22/1980,2,"Assistant Whip, Member | Budget, Armed Services, Natural Resources"
Rep. Gwen Moore (D-WI-4),US Representative,Democrat,70,4/18/1951,10,"Co-Chair, Member, Vice Chair | Ways and Means, Science / Technology, Economic Disparity and Fairness in Growth"
Rep.-elect Nathaniel Moran (R-TX-1),US Representative,Republican,48,7/22/1974,1,
Rep. Joe Morelle (D-NY-25),US Representative,Democrat,64,4/29/1957,4,"Rules, Appropriations, Budget"
Rep.-elect Jared Moskowitz (D-FL-23),US Representative,Democrat,42,12/18/1942,1,
Rep. Seth Moulton (D-MA-6),US Representative,Democrat,43,10/24/1978,5,"Budget, Armed Services, Transportation"
Rep. Frank Mrvan (D-IN-1),US Representative,Democrat,52,4/16/1969,2,"Education, Veterans' Affairs"
Rep.-elect Kevin Mullin (D-CA-15),US Representative,Democrat,52,6/15/1970,1,Speaker Pro Tempore
Rep. Greg Murphy (R-NC-3),US Representative,Republican,59,3/5/1963,3,Member | Ways and Means
Outgoing Rep. Stephanie Murphy (D-FL-7),US Representative,Democrat,43,9/16/1978,3,"Chair Emeritus, Chief Deputy Majority Whip, Member | Ways and Means, Armed Services, U.S. Capitol"
Rep. Jerry Nadler (D-NY-10),US Representative,Democrat,74,6/13/1947,17,Judiciary (Chair)
Rep. Grace Napolitano (D-CA-32),US Representative,Democrat,85,12/4/1936,13,"Member | Natural Resources, Transportation"
Rep. Richard Neal (D-MA-1),US Representative,Democrat,73,2/14/1949,18,"Co-Chair, Ways and Means Chair | Ways and Means (Chair), Taxation (Chair)"
Rep. Joe Neguse (D-CO-2),US Representative,Democrat,37,5/13/1984,3,"Chair, Co-Chair, Member, Policy and Communications Committee Chair | Rules, Judiciary, Natural Resources, Climate Crisis"
Rep. Troy Nehls (R-TX-22),US Representative,Republican,53,4/7/1968,2,"Member | Transportation, Veterans' Affairs"
Rep. Dan Newhouse (R-WA-4),US Representative,Republican,66,7/10/1955,5,Assistant Whip | Appropriations
Outgoing Rep. Marie Newman (D-IL-3),US Representative,Democrat,57,4/13/1964,1,"Member | Small Business, Transportation"
Rep.-elect Wiley Nickel (D-NC-13),US Representative,Democrat,47,11/23/1975,1,
Rep. Donald Norcross (D-NJ-1),US Representative,Democrat,63,12/3/1958,6,"Armed Services, Education, Science / Technology"
Rep. Ralph Norman (R-SC-5),US Representative,Republican,68,6/20/1953,4,"Member | Financial Services, Oversight"
Del. Eleanor Norton (D-DC-1),US Delegate,Democrat,84,6/13/1937,17,"Member | Transportation, Oversight"
Rep.-elect Zach Nunn (R-IA-3),US Representative,Republican,43,5/4/1979,1,
Rep. Jay Obernolte (R-CA-8),US Representative,Republican,51,8/18/1970,2,"Member | Budget, Natural Resources, Science / Technology"
Rep. Alexandria Ocasio-Cortez (D-NY-14),US Representative,Democrat,32,10/13/1989,3,"Member | Financial Services, Oversight, Economic Disparity and Fairness in Growth"
Rep.-elect Andy Ogles (R-TN-5),US Representative,Republican,51,6/18/1971,1,
Outgoing Rep. Tom O'Halleran (D-AZ-1),US Representative,Democrat,76,1/24/1946,3,"Member | Energy, Agriculture"
Rep. Ilhan Omar (D-MN-5),US Representative,Democrat,39,10/4/1982,3,"Member | Foreign Affairs, Education"
Rep. Burgess Owens (R-UT-4),US Representative,Republican,70,8/2/1951,2,"Member | Judiciary, Education"
Outgoing Rep. Steven Palazzo (R-MS-4),US Representative,Republican,52,2/21/1970,6,Member | Appropriations
Rep. Frank Pallone (D-NJ-6),US Representative,Democrat,70,10/30/1951,19,Energy and Commerce Chair | Energy (Chair)
Rep. Gary Palmer (R-AL-6),US Representative,Republican,67,5/14/1954,5,"Chairman, Policy Chair | Energy, Climate Crisis"
Rep. Jimmy Panetta (D-CA-20),US Representative,Democrat,52,10/1/1969,4,"Assistant Whip, Chief Deputy Whip, Member | Ways and Means, Armed Services, Agriculture"
Rep. Chris Pappas (D-NH-1),US Representative,Democrat,41,6/4/1980,3,"Member | Transportation, Veterans' Affairs"
Rep. Bill Pascrell (D-NJ-9),US Representative,Democrat,85,1/25/1937,14,Ways and Means
Rep. Donald Payne (D-NJ-10),US Representative,Democrat,63,12/17/1958,7,"Homeland Security, Transportation"
Speaker Nancy Pelosi (D-CA-12),US Representative,Democrat,81,3/26/1940,19,"Chair, Member, Speaker of the House"
Rep. Mary Peltola (D-AK-1),US Representative,Democrat,49,8/31/1973,2,"Natural Resources, Education"
Rep. Greg Pence (R-IN-6),US Representative,Republican,65,11/14/1956,3,Member | Energy
Outgoing Rep. Ed Perlmutter (D-CO-7),US Representative,Democrat,68,5/1/1953,8,"Rules, Financial Services, Science / Technology, Modernization of Congress"
Rep. Scott Perry (R-PA-10),US Representative,Republican,59,5/27/1962,6,"Member | Foreign Affairs, Transportation"
Rep. Scott Peters (D-CA-52),US Representative,Democrat,63,6/17/1958,6,"Member, Vice Chair | Budget, Energy, Small Business, Economy"
Rep.-elect Brittany Pettersen (D-CO-7),US Representative,Democrat,41,Dec-81,1,
Rep. August Pfluger (R-TX-11),US Representative,Republican,43,12/28/1978,2,"117th Class Representative, Assistant Whip | Foreign Affairs, Homeland Security"
Rep. Dean Phillips (D-MN-3),US Representative,Democrat,53,1/20/1969,3,"Co-Chair, Policy and Communications Committee Co-Chair | Foreign Affairs, Small Business, Ethics, Modernization of Congress"
Rep. Chellie Pingree (D-ME-1),US Representative,Democrat,66,4/2/1955,8,"Member | Appropriations, Agriculture"
Del. Stacey Plaskett (D-VI-1),US Delegate,Democrat,55,5/13/1966,5,"Member | Ways and Means, Budget, Agriculture"
Rep. Mark Pocan (D-WI-2),US Representative,Democrat,57,8/14/1964,6,"Co-Chair | Appropriations, Education, Economy"
Rep. Katie Porter (D-CA-45),US Representative,Democrat,48,1/3/1974,3,"Member | Natural Resources, Oversight"
Rep. Bill Posey (R-FL-8),US Representative,Republican,74,12/18/1947,8,"Financial Services, Science / Technology"
Rep. Ayanna Pressley (D-MA-7),US Representative,Democrat,48,2/3/1974,3,"Member | Financial Services, Oversight"
Outgoing Rep. David Price (D-NC-4),US Representative,Democrat,81,8/17/1940,13,"Appropriations, Budget"
Rep. Mike Quigley (D-IL-5),US Representative,Democrat,63,10/17/1958,8,"Appropriations, Intelligence"
Del. Aumua Amata Radewagen (R-AS-1),US Delegate,Republican,74,12/29/1947,5,"Natural Resources (Assistant Ranking Minority Member), Veterans' Affairs (Assistant Ranking Minority Member)"
Rep.-elect Delia Ramirez (D-IL-3),US Representative,Democrat,39,6/2/1983,1,Assistant Majority Leader
Rep. Jamie Raskin (D-MD-8),US Representative,Democrat,59,12/13/1962,4,"Rules, Judiciary, Oversight, House Administration, Printing, U.S. Capitol"
Rep. Guy Reschenthaler (R-PA-14),US Representative,Republican,38,4/17/1983,3,"Chief Deputy Whip, Member | Rules, Appropriations, Modernization of Congress"
Outgoing Rep. Kathleen Rice (D-NY-4),US Representative,Democrat,57,2/15/1965,4,"Member | Energy, Homeland Security"
Outgoing Rep. Tom Rice (R-SC-7),US Representative,Republican,64,8/4/1957,5,Ways and Means
Rep. Hal Rogers (R-KY-5),US Representative,Republican,84,12/31/1937,22,Member | Appropriations
Rep. Mike Rogers (R-AL-3),US Representative,Republican,63,7/16/1958,11,Region V Representative | Armed Services (Ranking Member)
Rep. John Rose (R-TN-6),US Representative,Republican,57,2/23/1965,3,Member | Financial Services
Rep. Matt Rosendale (R-MT-1),US Representative,Republican,61,7/7/1960,2,"Natural Resources, Veterans' Affairs"
Rep. Deborah Ross (D-NC-2),US Representative,Democrat,58,6/20/1963,2,"Chief Deputy Whip, Member | Rules, Judiciary, Science / Technology"
Rep. David Rouzer (R-NC-7),US Representative,Republican,50,2/16/1972,5,"Agriculture, Transportation"
Rep. Chip Roy (R-TX-21),US Representative,Republican,49,8/7/1972,3,"Member | Judiciary, Veterans' Affairs"
Outgoing Rep. Lucille Roybal-Allard (D-CA-40),US Representative,Democrat,80,6/12/1941,15,Member | Appropriations
Rep. Raul Ruiz (D-CA-36),US Representative,Democrat,49,8/25/1972,6,"Co-Chair, Member | Energy, Veterans' Affairs"
Rep. C.A. Dutch Ruppersberger (D-MD-2),US Representative,Democrat,76,1/31/1946,11,Appropriations
Outgoing Rep. Bobby Rush (D-IL-1),US Representative,Democrat,75,11/23/1946,15,"Energy, Agriculture"
Rep. John Rutherford (R-FL-4),US Representative,Republican,69,9/2/1952,4,"Member | Appropriations, Ethics"
Rep. Patrick Ryan (D-NY-19),US Representative,Democrat,40,3/28/1982,2,Armed Services
Outgoing Rep. Tim Ryan (D-OH-13),US Representative,Democrat,48,7/16/1973,10,Appropriations
Del. Gregorio Sablan (D-MP-1),US Delegate,Democrat,67,1/19/1955,8,"Natural Resources (Vice Chair), Agriculture, Education, Veterans' Affairs"
Rep. Maria Salazar (R-FL-27),US Representative,Republican,60,11/1/1961,2,"Assistant Whip, Member | Foreign Affairs, Small Business"
Rep.-elect Andrea Salinas (D-OR-6),US Representative,Democrat,53,Dec-69,1,
Rep. Linda Sánchez (D-CA-38),US Representative,Democrat,53,1/28/1969,11,"Chief Deputy Whip, Co-Chair, Member | Ways and Means"
Outgoing Del. Michael San Nicolas (D-GU-1),US Delegate,Democrat,41,1/30/1981,2,"Member | Financial Services, Natural Resources"
Rep. John Sarbanes (D-MD-3),US Representative,Democrat,59,5/22/1962,9,"Energy, Oversight"
Whip Steve Scalise (R-LA-1),US Representative,Republican,56,10/6/1965,9,"Commitment to America implementation, House Majority Leader, House Minority Whip, Republican Whip | Energy"
Rep. Mary Scanlon (D-PA-5),US Representative,Democrat,62,8/30/1959,4,"Member | Judiciary (Vice Chair), Rules, House Administration"
Rep. Jan Schakowsky (D-IL-9),US Representative,Democrat,77,5/26/1944,13,"Chief Deputy Whip, Member, National Chair for Candidate Services, Senior Chief Deputy Majority Whip | Budget, Energy"
Rep. Adam Schiff (D-CA-28),US Representative,Democrat,61,6/22/1960,12,"Intelligence (Chair), U.S. Capitol"
Rep. Brad Schneider (D-IL-10),US Representative,Democrat,60,8/20/1961,4,"Member | Ways and Means, Foreign Affairs"
Rep.-elect Hillary Scholten (D-MI-3),US Representative,Democrat,40,2/22/1982,1,
Outgoing Rep. Kurt Schrader (D-OR-5),US Representative,Democrat,70,10/19/1951,7,Energy
Rep. Kim Schrier (D-WA-8),US Representative,Democrat,53,8/23/1968,3,"Member | Energy, Agriculture"
Rep. David Schweikert (R-AZ-6),US Representative,Republican,60,3/3/1962,7,"Member | Ways and Means, Economy"
Rep. Austin Scott (R-GA-8),US Representative,Republican,52,12/10/1969,7,"Member | Armed Services, Agriculture"
Rep. Bobby Scott (D-VA-3),US Representative,Democrat,74,4/30/1947,16,"Co-Chair | Education (Chair), Budget"
Rep. David Scott (D-GA-13),US Representative,Democrat,76,6/27/1945,11,"Agriculture (Chair), Financial Services"
Rep.-elect Keith Self (R-TX-3),US Representative,Republican,69,3/20/1953,1,
Outgoing Rep. Joe Sempolinski (R-NY-23),US Representative,Republican,39,2/10/1983,1,"Budget, Education"
Rep. Pete Sessions (R-TX-17),US Representative,Republican,66,3/22/1955,2,"Financial Services, Oversight"
Rep. Terri Sewell (D-AL-7),US Representative,Democrat,57,1/1/1965,7,"Chief Deputy Majority Whip, Chief Deputy Whip, Co-Chair, Member | Ways and Means"
Rep. Brad Sherman (D-CA-30),US Representative,Democrat,67,10/24/1954,14,"Financial Services, Foreign Affairs, Science / Technology"
Rep. Mikie Sherrill (D-NJ-11),US Representative,Democrat,50,1/19/1972,3,"Member | Armed Services, Education, Science / Technology"
Rep. Mike Simpson (R-ID-2),US Representative,Republican,71,9/8/1950,13,Appropriations
Outgoing Rep. Albio Sires (D-NJ-8),US Representative,Democrat,71,1/26/1951,9,"Budget, Foreign Affairs, Transportation"
Rep. Elissa Slotkin (D-MI-8),US Representative,Democrat,45,7/10/1976,3,"Member | Armed Services, Homeland Security, Veterans' Affairs"
Rep. Adam Smith (D-WA-9),US Representative,Democrat,56,6/15/1965,14,Armed Services (Chair)
Rep. Adrian Smith (R-NE-3),US Representative,Republican,51,12/19/1970,9,Member | Ways and Means
Rep. Chris Smith (R-NJ-4),US Representative,Republican,69,3/4/1953,22,Member | Foreign Affairs
Rep. Jason Smith (R-MO-8),US Representative,Republican,41,6/16/1980,6,"House Republican Conference Secretary | Budget (Ranking Member), Ways and Means"
Rep. Lloyd Smucker (R-PA-11),US Representative,Republican,58,1/23/1964,4,"Vice Chair for Business Outreach | Ways and Means, Budget"
Rep.-elect Eric Sorensen (D-IL-17),US Representative,Democrat,46,3/18/1976,1,
Rep. Darren Soto (D-FL-9),US Representative,Democrat,44,2/25/1978,4,"Chair | Energy, Natural Resources"
Rep. Abigail Spanberger (D-VA-7),US Representative,Democrat,42,8/7/1979,3,"Battleground Representative, Member | Foreign Affairs, Agriculture"
Rep. Victoria Spartz (R-IN-5),US Representative,Republican,43,10/6/1978,2,"Member | Judiciary, Education"
Outgoing Rep. Jackie Speier (D-CA-14),US Representative,Democrat,71,5/14/1950,8,"Co-Chair | Armed Services, Intelligence, Oversight"
Rep. Melanie Stansbury (D-NM-1),US Representative,Democrat,43,1/31/1979,2,"Member | Natural Resources, Science / Technology"
Rep. Greg Stanton (D-AZ-9),US Representative,Democrat,52,3/8/1970,3,"Judiciary, Transportation"
Rep. Pete Stauber (R-MN-8),US Representative,Republican,55,5/10/1966,3,"Member | Natural Resources, Small Business, Transportation"
Rep. Michelle Steel (R-CA-48),US Representative,Republican,66,6/21/1955,2,"Education, Transportation"
Rep. Elise Stefanik (R-NY-21),US Representative,Republican,37,7/2/1984,5,"Chair, Region I Representative | Armed Services, Intelligence, Education"
Rep. Bryan Steil (R-WI-1),US Representative,Republican,41,3/1/1981,3,"Member, Restoring the People's House | Economic Disparity and Fairness in Growth (Ranking Member), Financial Services, House Administration"
Rep. Greg Steube (R-FL-17),US Representative,Republican,43,5/19/1978,3,"Member | Judiciary, Foreign Affairs"
Rep. Haley Stevens (D-MI-11),US Representative,Democrat,38,6/24/1983,3,"Vice Chair | Science / Technology (Vice Chair), Education"
Rep. Chris Stewart (R-UT-2),US Representative,Republican,61,7/15/1960,6,"Member | Appropriations, Intelligence"
Rep. Marilyn Strickland (D-WA-10),US Representative,Democrat,59,9/25/1962,2,"Chief Deputy Whip, Member | Armed Services, Transportation"
Rep.-elect Dale Strong (R-AL-5),US Representative,Republican,52,5/8/1970,1,
Outgoing Rep. Tom Suozzi (D-NY-3),US Representative,Democrat,59,8/31/1962,3,Ways and Means
Rep. Eric Swalwell (D-CA-15),US Representative,Democrat,41,11/16/1980,6,"Chair Emeritus, Co-Chair, Member | Judiciary, Intelligence, Homeland Security"
Rep.-elect Emilia Sykes (D-OH-13),US Representative,Democrat,36,1/4/1986,1,
Rep. Mark Takano (D-CA-41),US Representative,Democrat,61,12/10/1960,6,"Chair, Member | Veterans' Affairs (Chair), Education"
Outgoing Rep. Van Taylor (R-TX-3),US Representative,Republican,49,8/1/1972,2,Financial Services
Rep. Claudia Tenney (R-NY-22),US Representative,Republican,61,2/4/1961,2,"Member | Foreign Affairs, Small Business"
Rep.-elect Shri Thanedar (D-MI-13),US Representative,Democrat,67,2/22/1955,1,
Rep. Bennie Thompson (D-MS-2),US Representative,Democrat,74,1/28/1948,16,"Homeland Security (Chair), U.S. Capitol (Chair)"
Rep. GT Thompson (R-PA-15),US Representative,Republican,62,7/27/1959,8,"Member | Agriculture (Ranking Member), Education"
Rep. Mike Thompson (D-CA-5),US Representative,Democrat,71,1/24/1951,13,"Ways and Means, Taxation"
Rep. Tom Tiffany (R-WI-7),US Representative,Republican,64,12/30/1957,3,"Judiciary, Natural Resources"
Rep. William Timmons (R-SC-4),US Representative,Republican,37,4/30/1984,3,"116th Class Representative | Modernization of Congress (Ranking Member), Financial Services"
Rep. Dina Titus (D-NV-1),US Representative,Democrat,71,5/23/1950,6,"Member | Foreign Affairs, Homeland Security, Transportation"
Rep. Rashida Tlaib (D-MI-13),US Representative,Democrat,45,7/24/1976,3,"Financial Services, Natural Resources, Oversight"
Rep.-elect Jill Tokuda (D-HI-2),US Representative,Democrat,46,3/6/1976,1,
Rep. Paul Tonko (D-NY-20),US Representative,Democrat,72,6/18/1949,8,"Energy, Natural Resources, Science / Technology"
Rep. Norma Torres (D-CA-35),US Representative,Democrat,56,4/4/1965,5,"Co-Chair, Member | Rules, Appropriations"
Rep. Ritchie Torres (D-NY-15),US Representative,Democrat,34,3/12/1988,2,"Crescendo Meeting Representative, Member | Homeland Security (Vice Chair), Financial Services"
Rep. Lori Trahan (D-MA-3),US Representative,Democrat,48,10/27/1973,3,Energy
Rep. David Trone (D-MD-6),US Representative,Democrat,66,9/21/1955,3,"Appropriations, Veterans' Affairs, Economy"
Rep. Mike Turner (R-OH-10),US Representative,Republican,62,1/11/1960,11,"Intelligence (Ranking Member), Armed Services"
Rep. Lauren Underwood (D-IL-14),US Representative,Democrat,35,10/4/1986,3,"Co-Chair, Member, Policy and Communications Committee Co-Chair | Appropriations, Veterans' Affairs"
Outgoing Rep. Fred Upton (R-MI-6),US Representative,Republican,68,4/23/1953,18,Region VII Representative | Energy
Rep. David Valadao (R-CA-21),US Representative,Republican,44,4/14/1977,2,Appropriations
Rep. Jeff Van Drew (R-NJ-2),US Representative,Republican,69,2/23/1953,3,"Homeland Security, Transportation"
Rep. Beth Van Duyne (R-TX-24),US Representative,Republican,51,11/16/1970,2,"Member | Small Business, Transportation, Modernization of Congress"
Rep.-elect Derrick Van Orden (R-WI-3),US Representative,Republican,53,9/15/1969,1,
Rep. Juan Vargas (D-CA-51),US Representative,Democrat,61,3/7/1961,6,"Financial Services, Foreign Affairs"
Rep.-elect Gabe Vasquez (D-NM-2),US Representative,Democrat,38,8/3/1984,1,
Rep. Marc Veasey (D-TX-33),US Representative,Democrat,51,1/3/1971,6,"Co-Chair, Member, Vice Chair | Energy, Armed Services"
Rep. Nydia Velázquez (D-NY-7),US Representative,Democrat,68,3/28/1953,16,"Member | Small Business (Chair), Financial Services, Natural Resources"
Rep. Ann Wagner (R-MO-2),US Representative,Republican,59,9/13/1962,6,"Financial Services (Assistant Ranking Minority Member), Foreign Affairs (Assistant Ranking Minority Member)"
Rep. Tim Walberg (R-MI-7),US Representative,Republican,70,4/12/1951,7,"Energy, Education"
Rep. Mike Waltz (R-FL-6),US Representative,Republican,48,1/1/1974,3,"Member | Armed Services, Science / Technology"
Rep. Debbie Wasserman Schultz (D-FL-23),US Representative,Democrat,55,9/27/1966,10,"Chief Deputy Majority Whip, Co-Chair, Member | Appropriations, Oversight"
Rep. Maxine Waters (D-CA-43),US Representative,Democrat,83,8/15/1938,17,"Financial Services Chair, Member | Financial Services (Chair)"
Rep. Bonnie Watson Coleman (D-NJ-12),US Representative,Democrat,77,2/6/1945,5,"Member | Appropriations, Homeland Security"
Rep. Randy Weber (R-TX-14),US Representative,Republican,68,6/2/1953,6,"Transportation, Science / Technology"
Rep. Daniel Webster (R-FL-11),US Representative,Republican,72,4/27/1949,7,"Natural Resources, Transportation, Science / Technology"
Rep. Brad Wenstrup (R-OH-2),US Representative,Republican,63,6/17/1958,6,"Chair, Member | Ways and Means, Intelligence"
Rep. Bruce Westerman (R-AR-4),US Representative,Republican,54,11/18/1967,5,"Member | Natural Resources (Ranking Member), Transportation"
Rep. Jennifer Wexton (D-VA-10),US Representative,Democrat,53,5/27/1968,3,"Appropriations, Budget"
Rep. Susan Wild (D-PA-7),US Representative,Democrat,64,6/7/1957,3,"Member | Ethics (Chair), Foreign Affairs, Education, Science / Technology"
Rep.-elect Brandon Williams (R-NY-22),US Representative,Republican,55,5/22/1967,1,
Rep. Nikema Williams (D-GA-5),US Representative,Democrat,43,7/30/1978,2,"Financial Services, Transportation, Modernization of Congress"
Rep. Roger Williams (R-TX-25),US Representative,Republican,72,9/13/1949,6,"Member | Small Business (Assistant Ranking Minority Member), Financial Services"
Rep. Frederica Wilson (D-FL-24),US Representative,Democrat,79,11/5/1942,7,"Member | Education, Transportation"
Rep. Joe Wilson (R-SC-2),US Representative,Republican,74,7/31/1947,12,"Armed Services, Foreign Affairs, Education"
Rep. Rob Wittman (R-VA-1),US Representative,Republican,63,2/3/1959,9,"Member | Armed Services, Natural Resources"
Rep. Steve Womack (R-AR-3),US Representative,Republican,65,2/18/1957,7,Region VIII Representative | Appropriations
Rep. Rudy Yakym (R-IN-2),US Representative,Republican,38,2/24/1984,2,
Outgoing Rep. John Yarmuth (D-KY-3),US Representative,Democrat,74,11/4/1947,8,"Budget Chair, Member | Budget (Chair)"
Outgoing Rep. Lee Zeldin (R-NY-1),US Representative,Republican,42,1/30/1980,4,"Financial Services, Foreign Affairs"
Rep.-elect Ryan Zinke (R-MT-1),US Representative,Republican,61,9/1/1961,1,
