,Age of Members of 117th Congress,Title,Party,Age,Birthday,Number of Terms,Committee List
D-WI,Sen Tammy Baldwin ,US Senator,Democrat,60,2/11/1962,5,"Conference Secretary, Member | Appropriations, HELP, Commerce"
R-WY,Sen John Barrasso ,US Senator,Republican,69,7/21/1952,3,"Chairman | Energy (Ranking Member), Finance, Foreign Relations"
D-CO,Sen Michael Bennet ,US Senator,Democrat,57,11/28/1964,4,"Member | Finance, Intelligence, Agriculture"
R-TN,Sen Marsha Blackburn ,US Senator,Republican,69,6/6/1952,4,"Judiciary, Armed Services, Commerce, Veterans' Affairs"
D-CT,Sen Dick Blumenthal ,US Senator,Democrat,76,2/13/1946,3,"Member | Judiciary, Armed Services, Commerce, Veterans' Affairs, Aging"
R-MO,Outgoing Sen Roy Blunt ,US Senator,Republican,72,1/10/1950,5,"Chairman, Deputy Minority Whip | Senate Rules (Ranking Member), Appropriations, Intelligence, Commerce, Printing, Library"
D-NJ,Sen Cory Booker ,US Senator,Democrat,52,4/27/1969,3,"Chief Deputy Majority Whip, Vice Chair | Foreign Relations, Judiciary, Small Business, Agriculture"
R-AR,Sen John Boozman ,US Senator,Republican,71,12/10/1950,5,"Agriculture (Ranking Member), Appropriations, Environment, Veterans' Affairs"
R-IN,Sen Mike Braun ,US Senator,Republican,67,3/24/1954,1,"Appropriations, Budget, HELP, Agriculture, Aging"
R-AL,Sen elect Katie Britt ,US Senator,Republican,40,2/2/1982,1,
D-OH,Sen Sherrod Brown ,US Senator,Democrat,69,11/9/1952,6,"Member | Banking (Chair), Finance, Agriculture, Veterans' Affairs"
R-NC,Sen elect Ted Budd ,US Senator,Republican,50,10/21/1971,1,Financial Services
R-NC,Outgoing Sen Richard Burr ,US Senator,Republican,66,11/30/1955,5,"HELP (Ranking Member), Finance, Intelligence, Aging"
D-WA,Sen Maria Cantwell ,US Senator,Democrat,63,10/13/1958,4,"Member | Commerce (Chair), Finance, Energy, Small Business, Indian Affairs, Taxation"
R-WV,Sen Shelley Capito ,US Senator,Republican,68,11/26/1953,5,"Counsel to the Minority Leader, Deputy Minority Whip, Vice Chair | Environment (Ranking Member), Appropriations, Commerce, Senate Rules"
D-MD,Sen Ben Cardin ,US Senator,Democrat,78,10/5/1943,7,"Member | Small Business (Chair), Finance, Foreign Relations, Environment"
D-DE,Sen Tom Carper ,US Senator,Democrat,75,1/23/1947,4,"Deputy Whip, Member | Environment (Chair), Finance, Homeland Security"
D-PA,Sen Bob Casey ,US Senator,Democrat,61,4/13/1960,3,"Member | Aging (Chair), Finance, HELP, Intelligence"
R-LA,Sen Bill Cassidy ,US Senator,Republican,64,9/28/1957,3,"Finance, Energy, HELP, Veterans' Affairs, Economy"
R-ME,Sen Susan Collins ,US Senator,Republican,69,12/7/1952,5,"Appropriations, HELP, Intelligence, Aging"
D-DE,Sen Chris Coons ,US Senator,Democrat,58,9/9/1963,3,"Member | Ethics (Chair), Appropriations, Foreign Relations, Judiciary, Small Business"
R-TX,Sen John Cornyn ,US Senator,Republican,70,2/2/1952,5,"Finance, Judiciary, Intelligence"
D-NV,Sen Catherine Cortez Masto ,US Senator,Democrat,57,3/29/1964,2,"Member, Vice Chair of Outreach | Finance, Banking, Energy, Indian Affairs"
R-AR,Sen Tom Cotton ,US Senator,Republican,44,5/13/1977,3,"Judiciary, Armed Services, Intelligence, Economy"
R-ND,Sen Kevin Cramer ,US Senator,Republican,61,1/21/1961,2,"Banking, Budget, Armed Services, Environment, Veterans' Affairs"
R-ID,Sen Mike Crapo ,US Senator,Republican,70,5/20/1951,6,"Chair, Chief Deputy Minority Whip | Finance (Ranking Member), Banking, Budget, Taxation"
R-TX,Sen Ted Cruz ,US Senator,Republican,51,12/22/1970,2,"Foreign Relations, Judiciary, Commerce, Senate Rules, Economy"
R-MT,Sen Steve Daines ,US Senator,Republican,59,8/20/1962,3,"Chairman | Finance, Banking, Energy, Indian Affairs"
D-IL,Sen Tammy Duckworth ,US Senator,Democrat,54,3/12/1968,3,"Member | Armed Services, Small Business, Commerce, Environment"
D-IL,Whip Dick Durbin ,US Senator,Democrat,77,11/21/1944,8,"Ex-Officio Member, Member, Senate Majority Whip | Judiciary (Chair), Appropriations, Agriculture"
R-IA,Sen Joni Ernst ,US Senator,Republican,51,7/1/1970,2,"Chair, Vice Chair | Armed Services, Small Business, Environment, Agriculture"
D-CA,Sen Dianne Feinstein ,US Senator,Democrat,88,6/22/1933,6,"Member | Appropriations, Judiciary, Intelligence, Senate Rules"
D-PA,Sen elect John Fetterman ,US Senator,Democrat,53,8/15/1969,1,President of the Senate
R-NE,Sen Deb Fischer ,US Senator,Republican,71,3/1/1951,2,"Counsel to the Minority Leader, Deputy Minority Whip | Armed Services, Commerce, Agriculture, Senate Rules, Ethics"
D-NY,Sen Kirsten Gillibrand ,US Senator,Democrat,55,12/9/1966,3,"Member | Armed Services, Intelligence, Agriculture, Aging"
R-SC,Sen Lindsey Graham ,US Senator,Republican,66,7/9/1955,6,"Budget (Ranking Member), Appropriations, Judiciary, Environment"
R-IA,Sen Chuck Grassley ,US Senator,Republican,88,9/17/1933,9,"President Pro Tempore Emeritus | Judiciary (Ranking Member), Finance, Budget, Agriculture, Taxation"
R-TN,Sen Bill Hagerty ,US Senator,Republican,62,8/14/1959,1,"Appropriations, Banking, Foreign Relations, Senate Rules"
D-NH,Sen Maggie Hassan ,US Senator,Democrat,64,2/27/1958,2,"Chair | Finance, HELP, Homeland Security, Veterans' Affairs, Economy"
R-MO,Sen Josh Hawley ,US Senator,Republican,42,12/31/1979,1,"Judiciary, Armed Services, Homeland Security, Small Business"
D-NM,Sen Martin Heinrich ,US Senator,Democrat,50,10/17/1971,3,"Member | Economy (Vice Chair), Appropriations, Energy, Intelligence"
D-CO,Sen John Hickenlooper ,US Senator,Democrat,70,2/7/1952,1,"Energy, HELP, Small Business, Commerce"
D-HI,Sen Mazie Hirono ,US Senator,Democrat,74,11/3/1947,3,"Member | Judiciary, Armed Services, Energy, Small Business, Veterans' Affairs"
R-ND,Sen John Hoeven ,US Senator,Republican,65,3/13/1957,3,"Appropriations, Energy, Agriculture, Indian Affairs"
R-MS,Sen Cindy Hyde-Smith ,US Senator,Republican,62,5/10/1969,2,"Appropriations, Energy, Agriculture, Senate Rules"
R-OK,Outgoing Sen Jim Inhofe ,US Senator,Republican,87,11/17/1934,7,"Armed Services (Ranking Member), Small Business, Environment"
R-WI,Sen Ron Johnson ,US Senator,Republican,66,4/8/1955,3,"Budget, Foreign Relations, Homeland Security, Commerce"
D-VA,Sen Tim Kaine ,US Senator,Democrat,64,2/26/1958,2,"Member | Budget, Foreign Relations, Armed Services, HELP"
D-AZ,Sen Mark Kelly ,US Senator,Democrat,58,2/21/1964,2,"Armed Services, Energy, Environment, Aging, Economy"
R-LA,Sen John Kennedy ,US Senator,Republican,70,11/21/1951,2,"Appropriations, Banking, Budget, Judiciary, Small Business"
I-ME,Sen Angus King ,US Senator,Independent,77,3/31/1944,2,"Armed Services, Energy, Intelligence, Senate Rules, Printing"
D-MN,Sen Amy Klobuchar ,US Senator,Democrat,61,5/25/1960,3,"Chair, Chair of the Steering Committee, Member | Senate Rules (Chair), Printing (Chair), Library (Vice Chair), Judiciary, Commerce, Agriculture, Economy"
R-OK,Sen James Lankford ,US Senator,Republican,54,3/4/1968,3,"Deputy Minority Whip | Ethics (Ranking Member), Finance, Energy, Homeland Security, Indian Affairs"
D-VT,Outgoing Sen Patrick Leahy ,US Senator,Democrat,81,3/31/1940,8,"Member, President Pro Tempore | Appropriations (Chair), Judiciary, Agriculture, Senate Rules, Library"
R-UT,Sen Mike Lee ,US Senator,Republican,50,6/4/1971,3,"Chairman | Economy (Ranking Member), Judiciary, Energy, Commerce, Aging"
D-NM,Sen Ben Luján ,US Senator,Democrat,49,6/7/1972,3,"Budget, HELP, Commerce, Agriculture, Indian Affairs"
R-WY,Sen Cynthia Lummis ,US Senator,Republican,67,9/10/1954,1,"Banking, Commerce, Environment"
D-WV,Sen Joe Manchin ,US Senator,Democrat,74,8/24/1947,3,"Vice Chair, Vice Chair of the Senate Democratic Policy and Communications Committee | Energy (Chair), Appropriations, Armed Services, Veterans' Affairs"
D-MA,Sen Ed Markey ,US Senator,Democrat,75,7/11/1946,9,"Member | Foreign Relations, Small Business, Commerce, Environment"
R-KS,Sen Roger Marshall ,US Senator,Republican,61,8/9/1960,2,"Energy, HELP, Small Business, Agriculture"
R-KY,Leader Mitch McConnell ,US Senator,Republican,80,2/20/1942,7,"Senate Minority Leader | Appropriations, Agriculture, Senate Rules"
D-NJ,Sen Bob Menendez ,US Senator,Democrat,68,1/1/1954,6,"Chair | Foreign Relations (Chair), Finance, Banking"
D-OR,Sen Jeff Merkley ,US Senator,Democrat,65,10/24/1956,3,"Chief Deputy Majority Whip, Member | Appropriations, Budget, Foreign Relations, Environment, Senate Rules"
R-KS,Sen Jerry Moran ,US Senator,Republican,67,5/29/1954,6,"Veterans' Affairs (Ranking Member), Appropriations, Banking, HELP, Commerce, Indian Affairs"
R-OK,Sen elect Markwayne Mullin ,US Senator,Republican,44,7/26/1977,1,"Member | Energy, Intelligence"
R-AK,Sen Lisa Murkowski ,US Senator,Republican,64,5/22/1957,5,"Indian Affairs (Ranking Member), Appropriations, Energy, HELP"
D-CT,Sen Chris Murphy ,US Senator,Democrat,48,8/3/1973,3,"Member | Appropriations, Foreign Relations, HELP"
D-WA,Sen Patty Murray ,US Senator,Democrat,71,10/11/1950,6,"Assistant Majority Leader, Ex-Officio Member, Member | HELP (Chair), Appropriations, Budget, Veterans' Affairs"
D-GA,Sen Jon Ossoff ,US Senator,Democrat,35,2/16/1987,1,"Banking, Judiciary, Homeland Security, Senate Rules"
D-CA,Sen Alex Padilla ,US Senator,Democrat,48,3/22/1973,2,"Budget, Judiciary, Homeland Security, Environment, Senate Rules, Printing"
R-KY,Sen Rand Paul ,US Senator,Republican,59,1/7/1963,3,"Small Business (Ranking Member), Foreign Relations, HELP, Homeland Security"
D-MI,Sen Gary Peters ,US Senator,Democrat,63,12/1/1958,3,"Chair | Homeland Security (Chair), Armed Services, Commerce"
R-OH,Outgoing Sen Rob Portman ,US Senator,Republican,66,12/19/1955,2,"Counsel to the Minority Leader, Deputy Minority Whip | Homeland Security (Ranking Member), Finance, Foreign Relations, Economy"
D-RI,Sen Jack Reed ,US Senator,Democrat,72,11/12/1949,6,"Member, Regional Chair | Armed Services (Chair), Appropriations, Banking"
R-ID,Sen Jim Risch ,US Senator,Republican,78,5/3/1943,3,"Foreign Relations (Ranking Member), Energy, Intelligence, Small Business, Ethics"
R-UT,Sen Mitt Romney ,US Senator,Republican,75,3/12/1947,1,"Budget, Foreign Relations, HELP, Homeland Security"
D-NV,Sen Jacky Rosen ,US Senator,Democrat,64,8/2/1957,2,"Armed Services, HELP, Homeland Security, Small Business, Commerce, Aging"
R-SD,Sen Mike Rounds ,US Senator,Republican,67,10/24/1954,2,"Banking, Foreign Relations, Armed Services, Indian Affairs, Veterans' Affairs"
R-FL,Sen Marco Rubio ,US Senator,Republican,50,5/28/1971,3,"Intelligence (Vice Chair), Appropriations, Foreign Relations, Small Business, Aging"
I-VT,Sen Bernie Sanders ,US Senator,Independent,80,9/8/1941,6,"Chair of Outreach | Budget (Chair), Energy, HELP, Environment, Veterans' Affairs"
R-NE,Outgoing Sen Ben Sasse ,US Senator,Republican,50,2/22/1972,2,"Finance, Budget, Judiciary, Intelligence"
D-HI,Sen Brian Schatz ,US Senator,Democrat,49,10/20/1972,3,"Chair, Chief Deputy Majority Whip, Deputy Conference Secretary, Member | Indian Affairs (Chair), Appropriations, Foreign Relations, Commerce, Ethics"
R-MO,Sen elect Eric Schmitt ,US Senator,Republican,47,6/20/1975,1,
D-NY,Leader Chuck Schumer ,US Senator,Democrat,71,11/23/1950,8,"Chairman, Member, Senate Majority Leader | Senate Rules"
R-FL,Sen Rick Scott ,US Senator,Republican,69,12/1/1952,1,"Chairman | Budget, Armed Services, Homeland Security, Commerce, Aging"
R-SC,Sen Tim Scott ,US Senator,Republican,56,9/19/1965,3,"Assistant Chair, Deputy Minority Whip | Aging (Ranking Member), Finance, Banking, HELP, Small Business"
D-NH,Sen Jeanne Shaheen ,US Senator,Democrat,75,1/28/1947,3,"Member, Vice Chair | Appropriations, Foreign Relations, Armed Services, Small Business, Ethics"
R-AL,Outgoing Sen Richard Shelby ,US Senator,Republican,87,5/6/1934,8,"Appropriations (Ranking Member), Banking, Environment, Senate Rules, Library"
I-AZ,Sen Kyrsten Sinema ,US Senator,Independent,45,7/12/1976,2,"Banking, Homeland Security, Commerce, Veterans' Affairs"
D-MN,Sen Tina Smith ,US Senator,Democrat,64,3/4/1958,2,"Member | Banking, HELP, Agriculture, Indian Affairs"
D-MI,Sen Debbie Stabenow ,US Senator,Democrat,71,4/29/1950,5,"Chair, Chair of the Senate Democratic Policy and Communication Committee, Member | Agriculture (Chair), Finance, Budget, Environment, Taxation"
R-AK,Sen Dan Sullivan ,US Senator,Republican,57,11/13/1964,2,"Armed Services, Commerce, Environment, Veterans' Affairs"
D-MT,Sen Jon Tester ,US Senator,Democrat,65,8/21/1956,3,"Member | Veterans' Affairs (Chair), Appropriations, Banking, Commerce, Indian Affairs"
R-SD,Whip John Thune ,US Senator,Republican,61,1/7/1961,4,"Senate Minority Whip | Finance, Commerce, Agriculture"
R-NC,Sen Thom Tillis ,US Senator,Republican,61,8/30/1960,2,"Deputy Minority Whip, Vice Chairman | Banking, Judiciary, Armed Services, Veterans' Affairs"
R-PA,Outgoing Sen Pat Toomey ,US Senator,Republican,60,11/17/1961,2,"Banking (Ranking Member), Finance, Budget"
R-AL,Sen Tommy Tuberville ,US Senator,Republican,67,9/18/1954,1,"Armed Services, HELP, Agriculture, Veterans' Affairs"
R-OH,Sen elect David Vance ,US Senator,Republican,38,8/2/1984,1,
D-MD,Sen Chris Van Hollen ,US Senator,Democrat,63,1/10/1959,5,"Appropriations, Banking, Budget, Foreign Relations"
D-VA,Sen Mark Warner ,US Senator,Democrat,67,12/15/1954,3,"Member, Vice Chair of the Conference | Intelligence (Chair), Finance, Banking, Budget, Senate Rules, Library"
D-GA,Sen Raphael Warnock ,US Senator,Democrat,52,7/23/1969,2,"Banking, Commerce, Agriculture, Aging, Economy"
D-MA,Sen Elizabeth Warren ,US Senator,Democrat,72,6/22/1949,2,"Member, Vice Chair of the Conference | Finance, Banking, Armed Services, Aging"
D-VT,Sen elect Peter Welch ,US Senator,Democrat,74,5/2/1947,1,"Chief Deputy Majority Whip | Energy, Intelligence, Oversight"
D-RI,Sen Sheldon Whitehouse ,US Senator,Democrat,66,10/20/1955,3,"Member | Finance, Budget, Judiciary, Environment"
R-MS,Sen Roger Wicker ,US Senator,Republican,70,7/5/1951,5,"Counsel to the Minority Leader | Commerce (Ranking Member), Armed Services, Environment, Senate Rules, Printing"
D-OR,Sen Ron Wyden ,US Senator,Democrat,72,5/3/1949,8,"Member | Finance (Chair), Taxation (Vice Chair), Budget, Energy, Intelligence"
R-IN,Sen Todd Young ,US Senator,Republican,49,8/24/1972,3,"Deputy Minority Whip | Finance, Foreign Relations, Small Business, Commerce"
D-NC-12,Rep Alma Adams ,US Representative,Democrat,75,5/27/1946,6,"Member | Financial Services, Agriculture, Education"
R-AL-4,Rep Robert Aderholt ,US Representative,Republican,56,7/22/1965,14,Appropriations
D-CA-31,Rep Pete Aguilar ,US Representative,Democrat,42,6/19/1979,5,"Chairman, Co-Chair, Democratic Caucus Chair, Member, Vice Chair | Appropriations, House Administration, U.S. Capitol"
R-MO-4,Rep elect Mark Alford ,US Representative,Republican,59,10/4/1963,1,
R-GA-12,Rep Rick Allen ,US Representative,Republican,70,11/7/1951,5,"Member | Agriculture, Education"
D-TX-32,Rep Colin Allred ,US Representative,Democrat,38,4/15/1983,3,"Caucus Leadership Representative of Five Terms or Less, Chief Deputy Whip, Member, Vice Chair | Foreign Affairs, Transportation, Veterans' Affairs"
R-NV-2,Rep Mark Amodei ,US Representative,Republican,63,6/12/1958,7,Appropriations
R-ND-1,Rep Kelly Armstrong ,US Representative,Republican,45,10/8/1976,3,"Member, Small States Representative, Vice Chair for State Party Outreach | Energy, Ethics, Climate Crisis"
R-TX-19,Rep Jodey Arrington ,US Representative,Republican,50,3/9/1972,4,"Deputy Chair, Member | Ways and Means, Economy, Economic Disparity and Fairness in Growth"
D-MA-4,Rep Jake Auchincloss ,US Representative,Democrat,34,1/29/1988,2,"Financial Services (Vice Chair), Transportation"
D-IA-3,Outgoing Rep Cindy Axne ,US Representative,Democrat,56,4/20/1965,2,"Member | Financial Services, Agriculture"
R-TX-36,Rep Brian Babin ,US Representative,Republican,73,3/23/1948,5,"Transportation, Science / Technology"
R-NE-2,Rep Don Bacon ,US Representative,Republican,58,8/16/1963,4,"Member | Armed Services, Agriculture"
R-IN-4,Rep Jim Baird ,US Representative,Republican,76,6/4/1945,3,"Agriculture, Science / Technology"
R-OH-12,Rep Troy Balderson ,US Representative,Republican,60,1/16/1962,4,"Agriculture, Transportation"
D-VT-1,Rep elect Becca Balint ,US Representative,Democrat,54,5/4/1968,1,President Pro Tem
R-IN-3,Rep Jim Banks ,US Representative,Republican,42,7/16/1979,4,"Member, Region VI Representative | Armed Services, Education, Veterans' Affairs"
R-KY-6,Rep Andy Barr ,US Representative,Republican,48,7/24/1973,6,"Member | Financial Services, Foreign Affairs"
D-CA-44,Rep Nanette Barragán ,US Representative,Democrat,45,9/15/1976,4,"Member | Energy, Homeland Security"
R-FL-4,Rep elect Aaron Bean ,US Representative,Republican,55,1/25/1967,1,President Pro Tempore
D-OH-3,Rep Joyce Beatty ,US Representative,Democrat,72,3/12/1950,6,"Member | Financial Services, Economy"
R-OR-2,Rep Cliff Bentz ,US Representative,Republican,70,1/12/1952,2,"Member | Judiciary, Natural Resources"
D-CA-7,Rep Ami Bera ,US Representative,Democrat,57,3/2/1965,6,"Co-Chair, Member | Foreign Affairs, Science / Technology"
R-MI-1,Rep Jack Bergman ,US Representative,Republican,75,2/2/1947,4,"Member | Armed Services, Veterans' Affairs"
D-VA-8,Rep Don Beyer ,US Representative,Democrat,71,6/20/1950,5,"Finance Co-Chair | Economy (Chair), Ways and Means, Science / Technology"
R-OK-5,Rep Stephanie Bice ,US Representative,Republican,48,11/11/1973,2,"Member | Armed Services, Science / Technology, Economic Disparity and Fairness in Growth"
R-AZ-5,Rep Andy Biggs ,US Representative,Republican,63,11/7/1958,4,"Judiciary, Oversight"
R-FL-12,Rep Gus Bilirakis ,US Representative,Republican,59,2/8/1963,9,Member | Energy
R-NC-9,Rep Dan Bishop ,US Representative,Republican,57,7/1/1964,3,"Member | Judiciary, Homeland Security"
D-GA-2,Rep Sanford Bishop ,US Representative,Democrat,75,2/4/1947,16,"Appropriations, Agriculture"
D-OR-3,Rep Earl Blumenauer ,US Representative,Democrat,73,8/16/1948,15,Ways and Means
D-DE-1,Rep Lisa Blunt Rochester ,US Representative,Democrat,60,2/10/1962,4,Member | Energy
R-CO-3,Rep Lauren Boebert ,US Representative,Republican,35,12/1/1986,2,"Member | Budget, Natural Resources"
D-OR-1,Rep Suzanne Bonamici ,US Representative,Democrat,67,10/14/1954,7,"Member | Education, Science / Technology, Climate Crisis"
R-IL-12,Rep Mike Bost ,US Representative,Republican,61,12/30/1960,5,"Veterans' Affairs (Ranking Member), Transportation"
D-GA-7,Outgoing Rep Carolyn Bourdeaux ,US Representative,Democrat,51,6/3/1970,1,"Small Business, Transportation"
D-NY-16,Rep Jamaal Bowman ,US Representative,Democrat,45,4/1/1976,2,"Education, Science / Technology"
D-PA-2,Rep Brendan Boyle ,US Representative,Democrat,45,2/6/1977,5,"Budget (Vice Chair), Ways and Means"
R-TX-8,Outgoing Rep Kevin Brady ,US Representative,Republican,66,4/11/1955,13,"Texas Representative I | Ways and Means (Ranking Member), Taxation"
R-OK-2,Rep elect Josh Brecheen ,US Representative,Republican,43,6/19/1979,1,
R-AL-5,Outgoing Rep Mo Brooks ,US Representative,Republican,67,4/29/1954,6,"Armed Services, Science / Technology"
D-OH-11,Rep Shontel Brown ,US Representative,Democrat,46,6/24/1975,2,"Agriculture, Oversight"
D-CA-26,Rep Julia Brownley ,US Representative,Democrat,69,8/28/1952,6,"Member | Natural Resources, Transportation, Veterans' Affairs, Climate Crisis"
R-FL-16,Rep Vern Buchanan ,US Representative,Republican,70,5/8/1951,9,Florida Representative | Ways and Means
R-CO-4,Rep Ken Buck ,US Representative,Republican,63,2/16/1959,5,"Judiciary, Foreign Affairs"
R-IN-8,Rep Larry Bucshon ,US Representative,Republican,59,5/31/1962,7,"Chair, Member | Energy"
D-IL-13,Rep elect Nikki Budzinski ,US Representative,Democrat,45,3/11/1977,1,
R-TN-2,Rep Tim Burchett ,US Representative,Republican,57,8/25/1964,3,"Foreign Affairs, Transportation"
R-TX-26,Rep Mike Burgess ,US Representative,Republican,71,12/23/1950,11,"Member | Rules, Budget, Energy"
R-MO-7,Rep elect Eric Burlison ,US Representative,Republican,46,10/2/1976,1,
D-MO-1,Rep Cori Bush ,US Representative,Democrat,45,7/21/1976,2,"Member | Judiciary, Oversight"
D-IL-17,Outgoing Rep Cheri Bustos ,US Representative,Democrat,60,10/17/1961,5,"Co-Chair, DCCC Chairwoman, Member | Appropriations, Agriculture"
D-NC-1,Outgoing Rep Kenneth Butterfield ,US Representative,Democrat,74,4/27/1947,10,"Chief Deputy Majority Whip, Senior Chief Deputy Majority Whip | Energy, House Administration, Library"
R-CA-42,Rep Ken Calvert ,US Representative,Republican,68,6/8/1953,16,"Deputy Chair, Member | Appropriations"
R-FL-3,Rep Kat Cammack ,US Representative,Republican,34,2/16/1988,2,"Member | Agriculture, Homeland Security, Economic Disparity and Fairness in Growth"
D-CO-8,Rep elect Yadira Caraveo ,US Representative,Democrat,42,12/23/1980,1,
D-CA-24,Rep Salud Carbajal ,US Representative,Democrat,57,11/18/1964,4,"Armed Services, Agriculture, Transportation"
D-CA-29,Rep Tony Cárdenas ,US Representative,Democrat,58,3/31/1963,6,Energy
R-OH-15,Rep Mike Carey ,US Representative,Republican,51,3/13/1971,2,"Budget, Science / Technology"
R-AL-1,Rep Jerry Carl ,US Representative,Republican,63,6/17/1958,2,"Armed Services, Natural Resources"
D-IN-7,Rep André Carson ,US Representative,Democrat,47,10/16/1974,9,"Intelligence, Transportation"
R-GA-1,Rep Buddy Carter ,US Representative,Republican,64,9/6/1957,5,"Deputy Chair, Member | Budget, Energy, Climate Crisis"
R-TX-31,Rep John Carter ,US Representative,Republican,80,11/6/1941,11,Texas Representative II | Appropriations
D-LA-2,Rep Troy Carter ,US Representative,Democrat,58,10/26/1963,2,"Small Business, Transportation"
D-PA-8,Rep Matt Cartwright ,US Representative,Democrat,60,5/1/1961,6,"Co-Chair, Member, Policy and Communications Committee Co-Chair | Appropriations"
D-TX-35,Rep elect Greg Casar ,US Representative,Democrat,33,5/4/1989,1,
D-HI-1,Rep Ed Case ,US Representative,Democrat,69,9/27/1952,3,"Appropriations, Natural Resources"
D-IL-6,Rep Sean Casten ,US Representative,Democrat,50,11/23/1971,3,"Member | Financial Services, Science / Technology, Climate Crisis"
D-FL-14,Rep Kathy Castor ,US Representative,Democrat,55,8/20/1966,9,"Member | Climate Crisis (Chair), Energy"
D-TX-20,Rep Joaquin Castro ,US Representative,Democrat,47,9/16/1974,6,"Co-Chair, Member | Foreign Affairs, Intelligence, Education"
R-NC-11,Outgoing Rep Madison Cawthorn ,US Representative,Republican,26,8/1/1995,1,"Member | Education, Veterans' Affairs"
R-OH-1,Outgoing Rep Steve Chabot ,US Representative,Republican,69,1/22/1953,6,"Judiciary, Foreign Affairs"
R-OR-5,Rep elect Lori Chavez-DeRemer ,US Representative,Republican,54,4/7/1968,1,
R-WY-1,Outgoing Rep Liz Cheney ,US Representative,Republican,55,7/28/1966,3,"Member | Armed Services, U.S. Capitol"
D-FL-20,Rep Sheila Cherfilus-McCormick ,US Representative,Democrat,43,1/25/1979,2,"Foreign Affairs, Transportation, Veterans' Affairs"
D-CA-27,Rep Judy Chu ,US Representative,Democrat,68,7/7/1953,8,"Member | Ways and Means, Budget, Small Business"
D-RI-1,Rep David Cicilline ,US Representative,Democrat,60,7/15/1961,7,"Policy and Communications Committee Chair | Judiciary, Foreign Affairs"
R-AZ-6,Rep elect Juan Ciscomani ,US Representative,Republican,40,8/30/1982,1,
D-MA-5,Whip Katherine Clark ,US Representative,Democrat,58,4/17/1963,6,"Assistant Speaker, Democratic Caucus Vice Chair, House Minority Whip, Member | Appropriations"
D-NY-9,Rep Yvette Clarke ,US Representative,Democrat,57,11/21/1964,9,"Member | Energy, Homeland Security"
D-MO-5,Rep Emanuel Cleaver ,US Representative,Democrat,77,10/26/1944,10,"Financial Services, Homeland Security, Modernization of Congress"
R-VA-6,Rep Ben Cline ,US Representative,Republican,50,2/29/1972,3,"Member | Appropriations, Budget"
R-TX-27,Rep Michael Cloud ,US Representative,Republican,46,5/13/1975,4,"Member | Agriculture, Oversight"
D-SC-6,Whip Jim Clyburn ,US Representative,Democrat,81,7/21/1940,16,"House Assistant Minority Leader, House Majority Whip"
R-GA-9,Rep Andrew Clyde ,US Representative,Republican,58,11/22/1963,2,"Member | Homeland Security, Oversight"
D-TN-9,Rep Steve Cohen ,US Representative,Democrat,72,5/24/1949,9,"Judiciary, Natural Resources, Transportation"
R-OK-4,Rep Tom Cole ,US Representative,Republican,72,4/28/1949,11,"Member, Region IX Representative | Rules (Ranking Member), Appropriations (Assistant Ranking Minority Member)"
R-GA-10,Rep elect Mike Collins ,US Representative,Republican,55,7/2/1967,1,
R-KY-1,Rep James Comer ,US Representative,Republican,49,8/19/1972,5,"Oversight and Accountability | Oversight (Ranking Member), Education"
D-VA-11,Rep Gerry Connolly ,US Representative,Democrat,71,3/30/1950,8,"Foreign Affairs, Oversight"
R-CA-22,Outgoing Rep Connie Conway ,US Representative,Republican,72,9/25/1950,1,"Natural Resources, Veterans' Affairs"
D-TN-5,Outgoing Rep Jim Cooper ,US Representative,Democrat,67,6/19/1954,10,"Budget, Armed Services, Intelligence, Oversight"
D-CA-46,Rep Lou Correa ,US Representative,Democrat,64,1/24/1958,4,"Judiciary, Agriculture, Homeland Security"
D-CA-16,Rep Jim Costa ,US Representative,Democrat,69,4/13/1952,10,"Foreign Affairs, Natural Resources, Agriculture"
D-CT-2,Rep Joe Courtney ,US Representative,Democrat,68,4/6/1953,9,"Armed Services, Education"
D-MN-2,Rep Angie Craig ,US Representative,Democrat,50,2/14/1972,3,"Member | Energy, Agriculture, Small Business, Economic Disparity and Fairness in Growth"
R-AZ-2,Rep elect Elijah Crane ,US Representative,Republican,42,1/3/1980,1,
R-AR-1,Rep Rick Crawford ,US Representative,Republican,56,1/22/1966,7,"Agriculture (Assistant Ranking Minority Member), Intelligence, Transportation"
R-TX-2,Rep Dan Crenshaw ,US Representative,Republican,38,3/14/1984,3,"Member | Energy, Climate Crisis"
D-TX-30,Rep elect Jasmine Crockett ,US Representative,Democrat,41,3/29/1981,1,Freshman Representative
D-CO-6,Rep Jason Crow ,US Representative,Democrat,42,3/15/1979,3,"Armed Services, Intelligence, Small Business"
D-TX-28,Rep Henry Cuellar ,US Representative,Democrat,66,9/19/1955,10,"Chief Deputy Majority Whip, Chief Deputy Whip, Vice Chair | Appropriations"
R-UT-3,Rep John Curtis ,US Representative,Republican,61,5/10/1960,4,Member | Energy
D-KS-3,Rep Sharice Davids ,US Representative,Democrat,41,5/22/1980,3,"Chief Deputy Whip, Member, Regional Whip | Transportation (Vice Chair), Agriculture, Small Business, Economy"
R-OH-8,Rep Warren Davidson ,US Representative,Republican,52,3/1/1970,5,"Member | Financial Services, Economic Disparity and Fairness in Growth"
D-IL-7,Rep Danny Davis ,US Representative,Democrat,80,9/6/1941,14,"Ways and Means, Oversight"
D-NC-1,Rep elect Don Davis ,US Representative,Democrat,51,8/29/1971,1,
R-IL-13,Outgoing Rep Rodney Davis ,US Representative,Republican,52,1/5/1970,5,"House Administration (Ranking Member), Agriculture, Transportation, Printing, Library, Modernization of Congress"
D-PA-4,Rep Madeleine Dean ,US Representative,Democrat,62,6/6/1959,3,"Member, Vice Chair | Judiciary (Vice Chair), Financial Services"
D-OR-4,Outgoing Rep Peter DeFazio ,US Representative,Democrat,74,5/27/1947,18,Transportation (Chair)
D-CO-1,Rep Diana DeGette ,US Representative,Democrat,64,7/29/1957,14,"Member | Energy, Natural Resources"
R-TX-15,Rep elect Monica De la Cruz Hernandez ,US Representative,Republican,48,9/11/1974,1,
D-CT-3,Rep Rosa DeLauro ,US Representative,Democrat,79,3/2/1943,17,"Co-Chair, Member | Appropriations (Chair)"
D-WA-1,Rep Suzan DelBene ,US Representative,Democrat,60,2/17/1962,7,"Chair, Co-Chair, Member | Ways and Means (Vice Chair)"
D-PA-17,Rep elect Christopher Deluzio ,US Representative,Democrat,38,7/13/1984,1,
D-FL-10,Outgoing Rep Val Demings ,US Representative,Democrat,65,3/12/1957,3,"Co-Chair, Member | Judiciary, Intelligence, Homeland Security"
D-CA-11,Rep Mark DeSaulnier ,US Representative,Democrat,69,3/31/1952,5,"Rules (Vice Chair), Education, Transportation, Oversight"
R-TN-4,Rep Scott DesJarlais ,US Representative,Republican,58,2/21/1964,7,"Armed Services, Agriculture"
R-NY-4,Rep elect Anthony D'Esposito ,US Representative,Republican,40,2/22/1982,1,
R-NY-3,Rep elect George Devolder-Santos ,US Representative,Republican,34,7/22/1988,1,
R-FL-25,Rep Mario Diaz-Balart ,US Representative,Republican,60,9/25/1961,11,"Member, Vice Chair for Redistricting | Appropriations"
D-MI-12,Rep Debbie Dingell ,US Representative,Democrat,68,11/23/1953,5,"Co-Chair, Finance Co-Chair, Member, Policy and Communications Committee Co-Chair | Energy, Natural Resources"
D-TX-35,Rep Lloyd Doggett ,US Representative,Democrat,75,10/6/1946,15,"Ways and Means, Budget, Taxation"
R-FL-19,Rep Byron Donalds ,US Representative,Republican,43,10/28/1978,2,"Member | Budget, Small Business, Oversight, Economic Disparity and Fairness in Growth"
D-PA-18,Outgoing Rep Mike Doyle ,US Representative,Democrat,68,8/5/1953,14,Energy
R-CA-13,Rep elect John Duarte ,US Representative,Republican,56,9/9/1966,1,
R-SC-3,Rep Jeff Duncan ,US Representative,Republican,56,1/7/1966,7,Member | Energy
R-FL-2,Rep Neal Dunn ,US Representative,Republican,69,2/16/1953,4,Member | Energy
R-NC-11,Rep elect Chuck Edwards ,US Representative,Republican,62,9/13/1960,1,
R-TX-6,Rep Jake Ellzey ,US Representative,Republican,52,1/24/1970,2,"Veterans' Affairs, Science / Technology"
R-MN-6,Whip Tom Emmer ,US Representative,Republican,61,3/3/1961,5,"Chairman, House Majority Whip, NRCC Chairman | Financial Services"
D-TX-16,Rep Veronica Escobar ,US Representative,Democrat,52,9/15/1969,3,"Co-Chair, Policy and Communications Committee Co-Chair, Vice Chair | Judiciary, Armed Services, Ethics, Climate Crisis"
D-CA-18,Rep Anna Eshoo ,US Representative,Democrat,79,12/13/1942,16,Energy
D-NY-13,Rep Adriano Espaillat ,US Representative,Democrat,67,9/27/1954,4,"Appropriations, Education"
R-KS-4,Rep Ron Estes ,US Representative,Republican,65,7/19/1956,4,"Ways and Means, Economy"
D-PA-3,Rep Dwight Evans ,US Representative,Democrat,67,5/16/1954,5,"Ways and Means, Small Business"
R-MS-4,Rep elect Mike Ezell ,US Representative,Republican,63,4/6/1959,1,
R-TX-4,Rep Pat Fallon ,US Representative,Republican,54,12/19/1967,2,"Armed Services, Oversight"
R-IA-4,Rep Randy Feenstra ,US Representative,Republican,53,1/14/1969,2,"Member | Budget, Agriculture, Science / Technology"
R-GA-3,Rep Drew Ferguson ,US Representative,Republican,55,11/15/1966,4,"Chief Deputy Minority Whip, Chief Deputy Whip | Ways and Means"
R-MN-1,Rep Brad Finstad ,US Representative,Republican,46,5/30/1976,2,"Agriculture, Education"
R-MN-7,Rep Michelle Fischbach ,US Representative,Republican,56,11/3/1965,2,"Rules, Judiciary, Agriculture"
R-WI-5,Rep Scott Fitzgerald ,US Representative,Republican,58,11/16/1963,2,"Member | Judiciary, Education, Small Business"
R-PA-1,Rep Brian Fitzpatrick ,US Representative,Republican,48,12/17/1973,4,"Foreign Affairs, Intelligence, Transportation"
R-TN-3,Rep Chuck Fleischmann ,US Representative,Republican,59,10/11/1962,7,Appropriations
D-TX-7,Rep Lizzie Fletcher ,US Representative,Democrat,47,2/13/1975,3,"Member | Energy, Science / Technology"
R-NE-1,Rep Mike Flood ,US Representative,Republican,47,2/23/1975,2,"Small Business, Oversight"
R-TX-34,Rep Mayra Flores ,US Representative,Republican,36,1/1/1986,1,"Agriculture, Homeland Security"
D-IL-11,Rep Bill Foster ,US Representative,Democrat,66,10/7/1955,6,"Financial Services, Science / Technology"
D-NC-4,Rep elect Valerie Foushee ,US Representative,Democrat,66,5/7/1956,1,
R-NC-5,Rep Virginia Foxx ,US Representative,Republican,78,6/29/1943,10,"Education (Ranking Member), Oversight"
D-FL-21,Rep Lois Frankel ,US Representative,Democrat,73,5/16/1948,6,"Co-Chair | Appropriations, Veterans' Affairs"
R-FL-15,Rep Scott Franklin ,US Representative,Republican,57,8/23/1964,2,"Armed Services, Oversight"
D-FL-10,Rep elect Maxwell Frost ,US Representative,Democrat,25,1/17/1997,1,
R-SC-7,Rep elect Russell Fry ,US Representative,Republican,37,1/31/1985,1,
R-ID-1,Rep Russ Fulcher ,US Representative,Republican,60,3/9/1962,3,"Member | Natural Resources, Education"
R-FL-1,Rep Matt Gaetz ,US Representative,Republican,39,5/7/1982,4,"Judiciary, Armed Services"
R-WI-8,Rep Mike Gallagher ,US Representative,Republican,38,3/3/1984,4,"Member | Armed Services, Intelligence, Transportation"
D-AZ-7,Rep Ruben Gallego ,US Representative,Democrat,42,11/20/1979,5,"Armed Services, Natural Resources, Veterans' Affairs"
D-CA-3,Rep John Garamendi ,US Representative,Democrat,77,1/24/1945,8,"Armed Services, Transportation"
R-NY-2,Rep Andrew Garbarino ,US Representative,Republican,37,9/27/1984,2,"Member | Homeland Security, Small Business"
D-IL-4,Rep Chuy Garcia ,US Representative,Democrat,65,4/12/1956,3,"Regional Whip | Natural Resources (Vice Chair), Financial Services, Transportation"
R-CA-25,Rep Mike Garcia ,US Representative,Republican,45,4/24/1976,3,"Member | Appropriations, Science / Technology"
D-TX-29,Rep Sylvia Garcia ,US Representative,Democrat,71,9/6/1950,3,"Vice Chair | Financial Services, Judiciary, Armed Services"
R-OH-7,Outgoing Rep Bob Gibbs ,US Representative,Republican,67,6/14/1954,6,"Transportation, Oversight"
R-FL-26,Rep Carlos Gimenez ,US Representative,Republican,68,1/17/1954,2,"Assistant Whip, Member | Homeland Security, Transportation, Science / Technology"
D-WA-3,Rep elect Kristina Gluesenkamp Perez ,US Representative,Democrat,34,6/6/1988,1,
R-TX-1,Outgoing Rep Louie Gohmert ,US Representative,Republican,68,8/18/1953,9,"Natural Resources (Assistant Ranking Minority Member), Judiciary"
D-ME-2,Rep Jared Golden ,US Representative,Democrat,39,7/25/1982,3,"Member | Armed Services, Small Business"
D-NY-10,Rep elect Daniel Goldman ,US Representative,Democrat,46,2/26/1976,1,
D-CA-34,Rep Jimmy Gomez ,US Representative,Democrat,47,11/25/1974,4,"Vice Chair | Oversight (Vice Chair), Ways and Means"
R-TX-23,Rep Tony Gonzales ,US Representative,Republican,41,10/10/1980,2,"Assistant Whip, Member | Appropriations"
R-OH-16,Outgoing Rep Anthony Gonzalez ,US Representative,Republican,37,9/18/1984,2,"Member | Financial Services, Science / Technology, Climate Crisis"
D-TX-15,Rep Vicente Gonzalez ,US Representative,Democrat,54,9/4/1967,4,"Financial Services, Foreign Affairs, Economic Disparity and Fairness in Growth"
PNP-PR-1,Commish Jenniffer González-Colón ,US Resident Commissioner,New Progressive Party,45,8/5/1976,2,"Member | Natural Resources (Ranking Member), Transportation"
R-VA-5,Rep Bob Good ,US Representative,Republican,56,9/11/1965,2,"Budget, Education"
R-TX-5,Rep Lance Gooden ,US Representative,Republican,39,12/1/1982,3,Financial Services
R-AZ-4,Rep Paul Gosar ,US Representative,Republican,63,11/27/1958,7,
D-NJ-5,Rep Josh Gottheimer ,US Representative,Democrat,47,3/8/1975,4,"Member | Financial Services, Homeland Security"
R-TX-12,Rep Kay Granger ,US Representative,Republican,79,1/18/1943,14,Member | Appropriations (Ranking Member)
R-LA-6,Rep Garret Graves ,US Representative,Republican,50,1/31/1972,5,"Chair | Climate Crisis (Ranking Member), Natural Resources, Transportation"
R-MO-6,Rep Sam Graves ,US Representative,Republican,58,11/7/1963,12,"Transportation (Ranking Member), Armed Services"
D-TX-9,Rep Al Green ,US Representative,Democrat,74,9/1/1947,10,"Financial Services, Homeland Security"
R-TN-7,Rep Mark Green ,US Representative,Republican,57,11/8/1964,3,"Member | Armed Services, Foreign Affairs"
R-GA-14,Rep Marjorie Taylor Greene ,US Representative,Republican,47,5/27/1974,2,Member
R-VA-9,Rep Morgan Griffith ,US Representative,Republican,64,3/15/1958,7,Member | Energy
D-AZ-3,Rep Raúl Grijalva ,US Representative,Democrat,74,2/19/1948,11,"Natural Resources (Chair), Education"
R-WI-6,Rep Glenn Grothman ,US Representative,Republican,66,7/3/1955,5,"Budget, Education, Oversight"
R-MS-3,Rep Michael Guest ,US Representative,Republican,52,2/4/1970,3,"Ethics (Ranking Member), Homeland Security, Transportation"
R-KY-2,Rep Brett Guthrie ,US Representative,Republican,58,2/18/1964,8,Co-Chair | Energy
R-WY-1,Rep elect Harriet Hageman ,US Representative,Republican,60,10/18/1962,1,Freshman Policy Chair
D-CA-10,Rep Josh Harder ,US Representative,Democrat,35,8/1/1986,3,"Member | Appropriations, Agriculture"
R-MD-1,Rep Andy Harris ,US Representative,Republican,65,1/5/1957,7,Appropriations
R-TN-1,Rep Diana Harshbarger ,US Representative,Republican,62,1/1/1960,2,"Assistant Whip, Member | Education, Homeland Security"
R-MO-4,Outgoing Rep Vicky Hartzler ,US Representative,Republican,61,10/13/1960,6,"Armed Services, Agriculture"
D-CT-5,Rep Jahana Hayes ,US Representative,Democrat,49,3/8/1973,3,"Member | Agriculture, Education"
R-OK-1,Rep Kevin Hern ,US Representative,Republican,60,12/4/1961,4,"Chair, Member | Ways and Means"
R-NM-2,Outgoing Rep Yvette Herrell ,US Representative,Republican,57,3/16/1964,1,"Member | Natural Resources, Oversight"
R-WA-3,Outgoing Rep Jaime Herrera Beutler ,US Representative,Republican,43,11/3/1978,6,"Appropriations, Economy"
R-GA-10,Outgoing Rep Jody Hice ,US Representative,Republican,61,4/22/1960,4,"Natural Resources, Oversight"
D-NY-26,Rep Brian Higgins ,US Representative,Democrat,62,10/6/1959,10,"Ways and Means, Budget"
R-LA-3,Rep Clay Higgins ,US Representative,Republican,60,8/24/1961,4,"Homeland Security, Oversight"
R-AR-2,Rep French Hill ,US Representative,Republican,65,12/5/1956,5,"Member, Vice Chair for Policy | Financial Services"
D-CT-4,Rep Jim Himes ,US Representative,Democrat,55,7/5/1966,8,"Co-Chair | Economic Disparity and Fairness in Growth (Chair), Financial Services, Intelligence"
R-IA-1,Rep Ashley Hinson ,US Representative,Republican,38,6/27/1983,2,"Member | Appropriations, Budget"
R-IN-9,Outgoing Rep Trey Hollingsworth ,US Representative,Republican,38,9/12/1983,3,Financial Services
D-NV-4,Rep Steven Horsford ,US Representative,Democrat,48,4/29/1973,3,"Member | Ways and Means, Budget, Armed Services"
R-IN-9,Rep elect Erin Houchin ,US Representative,Republican,46,9/24/1976,1,
D-PA-6,Rep Chrissy Houlahan ,US Representative,Democrat,54,6/5/1967,3,"Member | Armed Services, Foreign Affairs, Small Business"
D-MD-5,Leader Steny Hoyer ,US Representative,Democrat,82,6/14/1939,22,House Majority Leader
D-OR-4,Rep elect Val Hoyle ,US Representative,Democrat,58,2/14/1964,1,
R-NC-8,Rep Richard Hudson ,US Representative,Republican,50,11/4/1971,6,"Chair, Chairman, Deputy Republican Whip, House Republican Conference Secretary, Member, Secretary, Vice Chair for Patriot | Energy"
D-CA-2,Rep Jared Huffman ,US Representative,Democrat,58,2/18/1964,6,"Natural Resources, Transportation, Climate Crisis"
R-MI-2,Rep Bill Huizenga ,US Representative,Republican,53,1/31/1969,7,Member | Financial Services
R-TX-38,Rep elect Wesley Hunt ,US Representative,Republican,41,9/13/1981,1,
R-CA-50,Rep Darrell Issa ,US Representative,Republican,68,11/1/1953,2,"Judiciary, Foreign Affairs"
D-MD-4,Rep elect Glenn Ivey ,US Representative,Democrat,61,2/27/1961,1,
D-NC-14,Rep elect Jeff Jackson ,US Representative,Democrat,40,9/12/1982,1,
D-IL-1,Rep elect Jonathan Jackson ,US Representative,Democrat,56,1/7/1966,1,
R-TX-13,Rep Ronny Jackson ,US Representative,Republican,54,5/4/1967,2,"Assistant Whip | Armed Services, Foreign Affairs"
D-TX-18,Rep Sheila Jackson Lee ,US Representative,Democrat,72,1/12/1950,15,"Chief Deputy Majority Whip, Chief Deputy Whip, Member | Budget, Judiciary, Homeland Security"
R-NY-27,Outgoing Rep Chris Jacobs ,US Representative,Republican,55,11/28/1966,2,"Agriculture, Education"
D-CA-53,Rep Sara Jacobs ,US Representative,Democrat,33,2/1/1989,2,"Caucus Leadership Representative of Five Terms or Less, Member, Vice Chair | Armed Services, Foreign Affairs, Economic Disparity and Fairness in Growth"
R-MI-10,Rep elect John James ,US Representative,Republican,41,6/8/1981,1,
D-WA-7,Rep Pramila Jayapal ,US Representative,Democrat,56,9/21/1965,4,"Member | Budget, Judiciary, Education, Economic Disparity and Fairness in Growth"
D-NY-8,Leader Hakeem Jeffries ,US Representative,Democrat,51,8/4/1970,6,"Chair, Chairman, Democratic Caucus Chair, House Minority Leader, Member | Budget, Judiciary"
R-OH-6,Rep Bill Johnson ,US Representative,Republican,67,11/10/1954,7,Member | Energy
R-SD-1,Rep Dusty Johnson ,US Representative,Republican,45,9/30/1976,3,"Member | Agriculture, Transportation"
D-TX-30,Outgoing Rep Eddie Johnson ,US Representative,Democrat,86,12/3/1935,15,"Member | Science / Technology (Chair), Transportation"
D-GA-4,Rep Hank Johnson ,US Representative,Democrat,67,10/2/1954,9,"Senior Whip | Judiciary, Transportation, Oversight"
R-LA-4,Rep Mike Johnson ,US Representative,Republican,50,1/30/1972,4,"Assistant Whip, House Republican Conference Vice Chair, Member, Vice Chair | Judiciary, Armed Services"
D-NY-17,Outgoing Rep Mondaire Jones ,US Representative,Democrat,34,5/18/1987,1,"Freshman Representative | Judiciary, Education, Ethics"
R-OH-4,Rep Jim Jordan ,US Representative,Republican,58,2/17/1964,9,"Chair, Oversight and Accountability | Judiciary (Ranking Member), Oversight"
R-OH-14,Rep Dave Joyce ,US Representative,Republican,64,3/17/1957,6,"Ohio Representative | Appropriations, Ethics, Modernization of Congress"
R-PA-13,Rep John Joyce ,US Representative,Republican,65,2/8/1957,3,Member | Energy
D-HI-2,Outgoing Rep Kai Kahele ,US Representative,Democrat,47,3/28/1974,1,"Armed Services, Transportation"
D-CA-37,Rep elect Sydney Kamlager-Dove ,US Representative,Democrat,50,May-72,1,
D-OH-9,Rep Marcy Kaptur ,US Representative,Democrat,75,6/17/1946,21,"Member | Appropriations, Agriculture, Veterans' Affairs, Economic Disparity and Fairness in Growth"
R-NY-24,Outgoing Rep John Katko ,US Representative,Republican,59,11/9/1962,4,"Chair, Vice Chair for Member Services | Homeland Security (Ranking Member), Transportation"
R-NJ-7,Rep elect Tom Kean ,US Representative,Republican,54,9/5/1968,1,
D-MA-9,Rep Bill Keating ,US Representative,Democrat,69,9/6/1952,7,"Armed Services, Foreign Affairs"
R-PA-12,Outgoing Rep Fred Keller ,US Representative,Republican,56,10/23/1965,2,"Assistant Whip, Member | Education, Oversight"
R-PA-16,Rep Mike Kelly ,US Representative,Republican,73,5/10/1948,7,"Member, Region II Representative | Ways and Means"
D-IL-2,Rep Robin Kelly ,US Representative,Democrat,65,4/30/1956,6,"Co-Chair, Member | Energy (Vice Chair), Oversight"
R-MS-1,Rep Trent Kelly ,US Representative,Republican,56,3/1/1966,5,"Armed Services, Intelligence, Agriculture"
D-CA-17,Rep Ro Khanna ,US Representative,Democrat,45,9/13/1976,4,"Member | Armed Services, Agriculture, Oversight"
R-VA-2,Rep elect Jen Kiggans ,US Representative,Republican,51,5/18/1971,1,
D-MI-5,Rep Dan Kildee ,US Representative,Democrat,63,8/11/1958,6,"Chair, Chief Deputy Majority Whip, Co-Chair | Ways and Means, Budget, Science / Technology"
R-CA-3,Rep elect Kevin Kiley ,US Representative,Republican,37,1/30/1985,1,
D-WA-6,Rep Derek Kilmer ,US Representative,Democrat,48,1/1/1974,6,"Member | Modernization of Congress (Chair), Appropriations"
D-NJ-3,Rep Andy Kim ,US Representative,Democrat,39,7/12/1982,3,"Member | Armed Services, Foreign Affairs, Small Business"
R-CA-39,Rep Young Kim ,US Representative,Republican,59,10/18/1962,2,"Member | Foreign Affairs, Small Business, Science / Technology"
D-WI-3,Outgoing Rep Ron Kind ,US Representative,Democrat,58,3/16/1963,13,Ways and Means
R-IL-16,Outgoing Rep Adam Kinzinger ,US Representative,Republican,44,2/27/1978,6,"Energy, Foreign Affairs, U.S. Capitol"
D-AZ-2,Outgoing Rep Ann Kirkpatrick ,US Representative,Democrat,71,3/24/1950,2,Member | Appropriations
D-IL-8,Rep Raja Krishnamoorthi ,US Representative,Democrat,48,7/19/1973,4,"Member | Intelligence, Oversight"
D-NH-2,Rep Annie Kuster ,US Representative,Democrat,65,9/5/1956,6,"Member | Energy, Agriculture"
R-TN-8,Rep David Kustoff ,US Representative,Republican,55,10/8/1966,4,Ways and Means
R-IL-18,Rep Darin LaHood ,US Representative,Republican,53,7/5/1968,5,"Member, Vice Chair for Finance | Ways and Means, Intelligence"
R-NY-1,Rep elect Nick LaLota ,US Representative,Republican,44,5/23/1978,1,
R-CA-1,Rep Doug LaMalfa ,US Representative,Republican,61,7/2/1960,6,"Agriculture, Transportation"
D-PA-17,Outgoing Rep Conor Lamb ,US Representative,Democrat,37,6/27/1984,3,"Transportation, Veterans' Affairs, Science / Technology"
R-CO-5,Rep Doug Lamborn ,US Representative,Republican,67,5/24/1954,9,"Armed Services, Natural Resources"
D-OH-1,Rep elect Greg Landsman ,US Representative,Democrat,46,12/4/1976,1,
D-RI-2,Outgoing Rep Jim Langevin ,US Representative,Democrat,57,4/22/1964,11,"Senior Whip | Armed Services, Homeland Security"
R-NY-23,Rep elect Nick Langworthy ,US Representative,Republican,41,2/27/1981,1,
D-WA-2,Rep Rick Larsen ,US Representative,Democrat,56,6/15/1965,12,"Armed Services, Transportation"
D-CT-1,Rep John Larson ,US Representative,Democrat,73,7/22/1948,13,Ways and Means
R-OH-5,Rep Bob Latta ,US Representative,Republican,65,4/18/1956,9,"Member | Energy, Modernization of Congress"
R-KS-2,Rep Jake LaTurner ,US Representative,Republican,34,2/17/1988,2,"Assistant Whip, Member | Homeland Security, Science / Technology, Oversight"
R-NY-17,Rep elect Michael Lawler ,US Representative,Republican,36,9/9/1986,1,
D-MI-14,Outgoing Rep Brenda Lawrence ,US Representative,Democrat,67,10/18/1954,4,"Co-Chair | Appropriations (Vice Chair), Oversight"
D-FL-5,Outgoing Rep Al Lawson ,US Representative,Democrat,73,9/21/1948,3,"Financial Services, Agriculture"
D-CA-13,Rep Barbara Lee ,US Representative,Democrat,75,7/16/1946,14,"Co-Chair, Member | Appropriations, Budget"
R-FL-15,Rep elect Laurel Lee ,US Representative,Republican,48,3/26/1974,1,
D-PA-12,Rep elect Summer Lee ,US Representative,Democrat,35,11/26/1987,1,
D-NV-3,Rep Susie Lee ,US Representative,Democrat,55,11/7/1966,3,Member | Appropriations
D-NM-3,Rep Teresa Leger Fernandez ,US Representative,Democrat,62,7/1/1959,2,"Member | Natural Resources, Education, House Administration, Printing"
R-AZ-8,Rep Debbie Lesko ,US Representative,Republican,63,11/14/1958,4,"Assistant Whip, Leader Designee, Member | Energy"
R-LA-5,Rep Julia Letlow ,US Representative,Republican,40,3/16/1981,2,Member | Appropriations
D-MI-9,Outgoing Rep Andy Levin ,US Representative,Democrat,61,8/10/1960,2,"Education (Vice Chair), Foreign Affairs"
D-CA-49,Rep Mike Levin ,US Representative,Democrat,43,10/20/1978,3,"Member | Veterans' Affairs (Vice Chair), Natural Resources, Climate Crisis"
D-CA-33,Rep Ted Lieu ,US Representative,Democrat,52,3/29/1969,5,"Co-Chair, Democratic Caucus Vice Chair, Member, Policy and Communications Committee Co-Chair, Vice Chair | Judiciary, Foreign Affairs"
D-CA-19,Rep Zoe Lofgren ,US Representative,Democrat,74,12/21/1947,15,"Member | House Administration (Chair), Library (Chair), Printing (Vice Chair), Judiciary, Science / Technology, U.S. Capitol, Modernization of Congress"
R-MO-7,Outgoing Rep Billy Long ,US Representative,Republican,66,8/11/1955,6,Member | Energy
R-GA-11,Rep Barry Loudermilk ,US Representative,Republican,58,12/22/1963,5,"Member, Region IV Representative | Financial Services, House Administration, Printing, Library"
D-CA-47,Outgoing Rep Alan Lowenthal ,US Representative,Democrat,81,3/8/1941,5,"Natural Resources, Transportation"
R-OK-3,Rep Frank Lucas ,US Representative,Republican,62,1/6/1960,16,"Science / Technology (Ranking Member), Financial Services"
R-MO-3,Rep Blaine Luetkemeyer ,US Representative,Republican,69,5/7/1952,8,"Member, Region X Representative | Small Business (Ranking Member), Financial Services"
R-FL-13,Rep elect Anna Luna ,US Representative,Republican,33,5/6/1989,1,
D-VA-2,Outgoing Rep Elaine Luria ,US Representative,Democrat,46,8/15/1975,2,"Member | Armed Services (Vice Chair), Homeland Security, Veterans' Affairs, U.S. Capitol"
R-TX-8,Rep elect Morgan Luttrell ,US Representative,Republican,47,11/7/1975,1,
D-MA-8,Rep Stephen Lynch ,US Representative,Democrat,66,3/31/1955,12,"Financial Services, Transportation, Oversight"
R-SC-1,Rep Nancy Mace ,US Representative,Republican,44,12/4/1977,2,"Member, Vice Chair - 117th Class Representative | Transportation, Veterans' Affairs, Oversight"
D-RI-2,Rep elect Seth Magaziner ,US Representative,Democrat,39,7/22/1983,1,
D-NJ-7,Outgoing Rep Tom Malinowski ,US Representative,Democrat,56,9/23/1965,2,"Member | Foreign Affairs (Vice Chair), Homeland Security, Transportation"
R-NY-11,Rep Nicole Malliotakis ,US Representative,Republican,41,11/11/1980,2,"Assistant Whip, Member | Foreign Affairs, Transportation"
D-NY-12,Outgoing Rep Carolyn Maloney ,US Representative,Democrat,76,2/19/1946,15,"Member | Oversight (Chair), Financial Services"
D-NY-18,Outgoing Rep Sean Maloney ,US Representative,Democrat,55,7/30/1966,5,"Chair | Intelligence, Agriculture, Transportation"
R-KS-1,Rep Tracey Mann ,US Representative,Republican,45,12/17/1976,2,"Agriculture, Veterans' Affairs"
D-NC-6,Rep Kathy Manning ,US Representative,Democrat,65,12/3/1956,2,"Member | Foreign Affairs, Education"
R-KY-4,Rep Thomas Massie ,US Representative,Republican,51,1/13/1971,7,"Judiciary, Transportation"
R-FL-18,Rep Brian Mast ,US Representative,Republican,41,7/10/1980,4,"Member | Foreign Affairs, Transportation"
D-CA-6,Rep Doris Matsui ,US Representative,Democrat,77,9/25/1944,10,Member | Energy
D-GA-6,Rep Lucy McBath ,US Representative,Democrat,61,6/1/1960,3,"Member | Judiciary, Education"
R-CA-23,Leader Kevin McCarthy ,US Representative,Republican,57,1/26/1965,9,"House Minority Leader, Republican Leader, Speaker of the House"
R-TX-10,Rep Michael McCaul ,US Representative,Republican,60,1/14/1962,10,"Chair, Member | Foreign Affairs (Ranking Member), Homeland Security"
R-MI-10,Rep Lisa McClain ,US Representative,Republican,55,4/7/1966,2,"Member, Secretary | Armed Services, Education"
R-CA-4,Rep Tom McClintock ,US Representative,Republican,65,7/10/1956,8,"Member | Budget, Judiciary, Natural Resources"
D-MN-4,Rep Betty McCollum ,US Representative,Democrat,67,7/12/1954,12,"Member | Appropriations, Natural Resources"
R-GA-6,Rep elect Richard McCormick ,US Representative,Republican,75,7/20/1947,1,
D-KY-3,Rep elect Morgan McGarvey ,US Representative,Democrat,43,12/23/1979,1,Minority Floor Leader
D-MA-2,Rep Jim McGovern ,US Representative,Democrat,62,11/20/1959,14,"Rules (Chair), Agriculture"
R-NC-10,Rep Patrick McHenry ,US Representative,Republican,46,10/22/1975,10,"Chair, Region III Representative | Financial Services (Ranking Member)"
R-WV-1,Outgoing Rep David McKinley ,US Representative,Republican,74,3/28/1947,6,Member | Energy
R-WA-5,Rep Cathy McMorris Rodgers ,US Representative,Republican,52,5/22/1969,10,"Chair, Member, Region XI Representative | Energy (Ranking Member)"
D-CA-9,Outgoing Rep Jerry McNerney ,US Representative,Democrat,70,6/18/1951,8,"Energy, Science / Technology"
D-NY-5,Rep Gregory Meeks ,US Representative,Democrat,68,9/25/1953,14,"Foreign Affairs (Chair), Financial Services"
R-MI-3,Outgoing Rep Peter Meijer ,US Representative,Republican,34,1/10/1988,1,"Foreign Affairs, Homeland Security, Science / Technology"
D-NJ-8,Rep elect Rob Menendez ,US Representative,Democrat,37,7/12/1985,1,
D-NY-6,Rep Grace Meng ,US Representative,Democrat,46,10/1/1975,6,"Member, Organization, Study, and Review Chair | Appropriations"
R-PA-9,Rep Dan Meuser ,US Representative,Republican,58,2/10/1964,3,"Foreign Affairs, Small Business"
D-MD-7,Rep Kweisi Mfume ,US Representative,Democrat,73,10/24/1948,3,"Small Business (Vice Chair), Education, Oversight"
R-WV-3,Rep Carol Miller ,US Representative,Republican,71,11/4/1950,3,"Assistant Whip, Vice Chair for Recruitment | Ways and Means, Climate Crisis"
R-IL-15,Rep Mary Miller ,US Representative,Republican,62,8/27/1959,2,"Member | Agriculture, Education"
R-OH-7,Rep elect Max Miller ,US Representative,Republican,34,11/13/1988,1,118th Class Representative
R-IA-2,Rep Mariannette Miller-Meeks ,US Representative,Republican,66,9/6/1955,2,"Chair, Member | Education, Homeland Security, Veterans' Affairs"
R-FL-7,Rep elect Cory Mills ,US Representative,Republican,42,7/13/1980,1,
R-NY-19,Rep elect Marc Molinaro ,US Representative,Republican,47,10/8/1975,1,
R-MI-4,Rep John Moolenaar ,US Representative,Republican,60,5/8/1961,5,Appropriations
R-WV-2,Rep Alex Mooney ,US Representative,Republican,50,6/7/1971,5,Member | Financial Services
R-AL-2,Rep Barry Moore ,US Representative,Republican,55,9/26/1966,2,"Agriculture, Veterans' Affairs"
R-UT-1,Rep Blake Moore ,US Representative,Republican,41,6/22/1980,2,"Assistant Whip, Member | Budget, Armed Services, Natural Resources"
D-WI-4,Rep Gwen Moore ,US Representative,Democrat,70,4/18/1951,10,"Co-Chair, Member, Vice Chair | Ways and Means, Science / Technology, Economic Disparity and Fairness in Growth"
R-TX-1,Rep elect Nathaniel Moran ,US Representative,Republican,48,7/22/1974,1,
D-NY-25,Rep Joe Morelle ,US Representative,Democrat,64,4/29/1957,4,"Rules, Appropriations, Budget"
D-FL-23,Rep elect Jared Moskowitz ,US Representative,Democrat,42,12/18/1942,1,
D-MA-6,Rep Seth Moulton ,US Representative,Democrat,43,10/24/1978,5,"Budget, Armed Services, Transportation"
D-IN-1,Rep Frank Mrvan ,US Representative,Democrat,52,4/16/1969,2,"Education, Veterans' Affairs"
D-CA-15,Rep elect Kevin Mullin ,US Representative,Democrat,52,6/15/1970,1,Speaker Pro Tempore
R-NC-3,Rep Greg Murphy ,US Representative,Republican,59,3/5/1963,3,Member | Ways and Means
D-FL-7,Outgoing Rep Stephanie Murphy ,US Representative,Democrat,43,9/16/1978,3,"Chair Emeritus, Chief Deputy Majority Whip, Member | Ways and Means, Armed Services, U.S. Capitol"
D-NY-10,Rep Jerry Nadler ,US Representative,Democrat,74,6/13/1947,17,Judiciary (Chair)
D-CA-32,Rep Grace Napolitano ,US Representative,Democrat,85,12/4/1936,13,"Member | Natural Resources, Transportation"
D-MA-1,Rep Richard Neal ,US Representative,Democrat,73,2/14/1949,18,"Co-Chair, Ways and Means Chair | Ways and Means (Chair), Taxation (Chair)"
D-CO-2,Rep Joe Neguse ,US Representative,Democrat,37,5/13/1984,3,"Chair, Co-Chair, Member, Policy and Communications Committee Chair | Rules, Judiciary, Natural Resources, Climate Crisis"
R-TX-22,Rep Troy Nehls ,US Representative,Republican,53,4/7/1968,2,"Member | Transportation, Veterans' Affairs"
R-WA-4,Rep Dan Newhouse ,US Representative,Republican,66,7/10/1955,5,Assistant Whip | Appropriations
D-IL-3,Outgoing Rep Marie Newman ,US Representative,Democrat,57,4/13/1964,1,"Member | Small Business, Transportation"
D-NC-13,Rep elect Wiley Nickel ,US Representative,Democrat,47,11/23/1975,1,
D-NJ-1,Rep Donald Norcross ,US Representative,Democrat,63,12/3/1958,6,"Armed Services, Education, Science / Technology"
R-SC-5,Rep Ralph Norman ,US Representative,Republican,68,6/20/1953,4,"Member | Financial Services, Oversight"
D-DC-1,Del Eleanor Norton ,US Delegate,Democrat,84,6/13/1937,17,"Member | Transportation, Oversight"
R-IA-3,Rep elect Zach Nunn ,US Representative,Republican,43,5/4/1979,1,
R-CA-8,Rep Jay Obernolte ,US Representative,Republican,51,8/18/1970,2,"Member | Budget, Natural Resources, Science / Technology"
D-NY-14,Rep Alexandria Ocasio-Cortez ,US Representative,Democrat,32,10/13/1989,3,"Member | Financial Services, Oversight, Economic Disparity and Fairness in Growth"
R-TN-5,Rep elect Andy Ogles ,US Representative,Republican,51,6/18/1971,1,
D-AZ-1,Outgoing Rep Tom O'Halleran ,US Representative,Democrat,76,1/24/1946,3,"Member | Energy, Agriculture"
D-MN-5,Rep Ilhan Omar ,US Representative,Democrat,39,10/4/1982,3,"Member | Foreign Affairs, Education"
R-UT-4,Rep Burgess Owens ,US Representative,Republican,70,8/2/1951,2,"Member | Judiciary, Education"
R-MS-4,Outgoing Rep Steven Palazzo ,US Representative,Republican,52,2/21/1970,6,Member | Appropriations
D-NJ-6,Rep Frank Pallone ,US Representative,Democrat,70,10/30/1951,19,Energy and Commerce Chair | Energy (Chair)
R-AL-6,Rep Gary Palmer ,US Representative,Republican,67,5/14/1954,5,"Chairman, Policy Chair | Energy, Climate Crisis"
D-CA-20,Rep Jimmy Panetta ,US Representative,Democrat,52,10/1/1969,4,"Assistant Whip, Chief Deputy Whip, Member | Ways and Means, Armed Services, Agriculture"
D-NH-1,Rep Chris Pappas ,US Representative,Democrat,41,6/4/1980,3,"Member | Transportation, Veterans' Affairs"
D-NJ-9,Rep Bill Pascrell ,US Representative,Democrat,85,1/25/1937,14,Ways and Means
D-NJ-10,Rep Donald Payne ,US Representative,Democrat,63,12/17/1958,7,"Homeland Security, Transportation"
D-CA-12,Speaker Nancy Pelosi ,US Representative,Democrat,81,3/26/1940,19,"Chair, Member, Speaker of the House"
D-AK-1,Rep Mary Peltola ,US Representative,Democrat,49,8/31/1973,2,"Natural Resources, Education"
R-IN-6,Rep Greg Pence ,US Representative,Republican,65,11/14/1956,3,Member | Energy
D-CO-7,Outgoing Rep Ed Perlmutter ,US Representative,Democrat,68,5/1/1953,8,"Rules, Financial Services, Science / Technology, Modernization of Congress"
R-PA-10,Rep Scott Perry ,US Representative,Republican,59,5/27/1962,6,"Member | Foreign Affairs, Transportation"
D-CA-52,Rep Scott Peters ,US Representative,Democrat,63,6/17/1958,6,"Member, Vice Chair | Budget, Energy, Small Business, Economy"
D-CO-7,Rep elect Brittany Pettersen ,US Representative,Democrat,41,Dec-81,1,
R-TX-11,Rep August Pfluger ,US Representative,Republican,43,12/28/1978,2,"117th Class Representative, Assistant Whip | Foreign Affairs, Homeland Security"
D-MN-3,Rep Dean Phillips ,US Representative,Democrat,53,1/20/1969,3,"Co-Chair, Policy and Communications Committee Co-Chair | Foreign Affairs, Small Business, Ethics, Modernization of Congress"
D-ME-1,Rep Chellie Pingree ,US Representative,Democrat,66,4/2/1955,8,"Member | Appropriations, Agriculture"
D-VI-1,Del Stacey Plaskett ,US Delegate,Democrat,55,5/13/1966,5,"Member | Ways and Means, Budget, Agriculture"
D-WI-2,Rep Mark Pocan ,US Representative,Democrat,57,8/14/1964,6,"Co-Chair | Appropriations, Education, Economy"
D-CA-45,Rep Katie Porter ,US Representative,Democrat,48,1/3/1974,3,"Member | Natural Resources, Oversight"
R-FL-8,Rep Bill Posey ,US Representative,Republican,74,12/18/1947,8,"Financial Services, Science / Technology"
D-MA-7,Rep Ayanna Pressley ,US Representative,Democrat,48,2/3/1974,3,"Member | Financial Services, Oversight"
D-NC-4,Outgoing Rep David Price ,US Representative,Democrat,81,8/17/1940,13,"Appropriations, Budget"
D-IL-5,Rep Mike Quigley ,US Representative,Democrat,63,10/17/1958,8,"Appropriations, Intelligence"
R-AS-1,Del Aumua Amata Radewagen ,US Delegate,Republican,74,12/29/1947,5,"Natural Resources (Assistant Ranking Minority Member), Veterans' Affairs (Assistant Ranking Minority Member)"
D-IL-3,Rep elect Delia Ramirez ,US Representative,Democrat,39,6/2/1983,1,Assistant Majority Leader
D-MD-8,Rep Jamie Raskin ,US Representative,Democrat,59,12/13/1962,4,"Rules, Judiciary, Oversight, House Administration, Printing, U.S. Capitol"
R-PA-14,Rep Guy Reschenthaler ,US Representative,Republican,38,4/17/1983,3,"Chief Deputy Whip, Member | Rules, Appropriations, Modernization of Congress"
D-NY-4,Outgoing Rep Kathleen Rice ,US Representative,Democrat,57,2/15/1965,4,"Member | Energy, Homeland Security"
R-SC-7,Outgoing Rep Tom Rice ,US Representative,Republican,64,8/4/1957,5,Ways and Means
R-KY-5,Rep Hal Rogers ,US Representative,Republican,84,12/31/1937,22,Member | Appropriations
R-AL-3,Rep Mike Rogers ,US Representative,Republican,63,7/16/1958,11,Region V Representative | Armed Services (Ranking Member)
R-TN-6,Rep John Rose ,US Representative,Republican,57,2/23/1965,3,Member | Financial Services
R-MT-1,Rep Matt Rosendale ,US Representative,Republican,61,7/7/1960,2,"Natural Resources, Veterans' Affairs"
D-NC-2,Rep Deborah Ross ,US Representative,Democrat,58,6/20/1963,2,"Chief Deputy Whip, Member | Rules, Judiciary, Science / Technology"
R-NC-7,Rep David Rouzer ,US Representative,Republican,50,2/16/1972,5,"Agriculture, Transportation"
R-TX-21,Rep Chip Roy ,US Representative,Republican,49,8/7/1972,3,"Member | Judiciary, Veterans' Affairs"
D-CA-40,Outgoing Rep Lucille Roybal-Allard ,US Representative,Democrat,80,6/12/1941,15,Member | Appropriations
D-CA-36,Rep Raul Ruiz ,US Representative,Democrat,49,8/25/1972,6,"Co-Chair, Member | Energy, Veterans' Affairs"
D-MD-2,Dutch Ruppersberger,US Representative,Democrat,76,1/31/1946,11,Appropriations
D-IL-1,Outgoing Rep Bobby Rush ,US Representative,Democrat,75,11/23/1946,15,"Energy, Agriculture"
R-FL-4,Rep John Rutherford ,US Representative,Republican,69,9/2/1952,4,"Member | Appropriations, Ethics"
D-NY-19,Rep Patrick Ryan ,US Representative,Democrat,40,3/28/1982,2,Armed Services
D-OH-13,Outgoing Rep Tim Ryan ,US Representative,Democrat,48,7/16/1973,10,Appropriations
D-MP-1,Del Gregorio Sablan ,US Delegate,Democrat,67,1/19/1955,8,"Natural Resources (Vice Chair), Agriculture, Education, Veterans' Affairs"
R-FL-27,Rep Maria Salazar ,US Representative,Republican,60,11/1/1961,2,"Assistant Whip, Member | Foreign Affairs, Small Business"
D-OR-6,Rep elect Andrea Salinas ,US Representative,Democrat,53,Dec-69,1,
D-CA-38,Rep Linda Sánchez ,US Representative,Democrat,53,1/28/1969,11,"Chief Deputy Whip, Co-Chair, Member | Ways and Means"
D-GU-1,Outgoing Del Michael San Nicolas ,US Delegate,Democrat,41,1/30/1981,2,"Member | Financial Services, Natural Resources"
D-MD-3,Rep John Sarbanes ,US Representative,Democrat,59,5/22/1962,9,"Energy, Oversight"
R-LA-1,Whip Steve Scalise ,US Representative,Republican,56,10/6/1965,9,"Commitment to America implementation, House Majority Leader, House Minority Whip, Republican Whip | Energy"
D-PA-5,Rep Mary Scanlon ,US Representative,Democrat,62,8/30/1959,4,"Member | Judiciary (Vice Chair), Rules, House Administration"
D-IL-9,Rep Jan Schakowsky ,US Representative,Democrat,77,5/26/1944,13,"Chief Deputy Whip, Member, National Chair for Candidate Services, Senior Chief Deputy Majority Whip | Budget, Energy"
D-CA-28,Rep Adam Schiff ,US Representative,Democrat,61,6/22/1960,12,"Intelligence (Chair), U.S. Capitol"
D-IL-10,Rep Brad Schneider ,US Representative,Democrat,60,8/20/1961,4,"Member | Ways and Means, Foreign Affairs"
D-MI-3,Rep elect Hillary Scholten ,US Representative,Democrat,40,2/22/1982,1,
D-OR-5,Outgoing Rep Kurt Schrader ,US Representative,Democrat,70,10/19/1951,7,Energy
D-WA-8,Rep Kim Schrier ,US Representative,Democrat,53,8/23/1968,3,"Member | Energy, Agriculture"
R-AZ-6,Rep David Schweikert ,US Representative,Republican,60,3/3/1962,7,"Member | Ways and Means, Economy"
R-GA-8,Rep Austin Scott ,US Representative,Republican,52,12/10/1969,7,"Member | Armed Services, Agriculture"
D-VA-3,Rep Bobby Scott ,US Representative,Democrat,74,4/30/1947,16,"Co-Chair | Education (Chair), Budget"
D-GA-13,Rep David Scott ,US Representative,Democrat,76,6/27/1945,11,"Agriculture (Chair), Financial Services"
R-TX-3,Rep elect Keith Self ,US Representative,Republican,69,3/20/1953,1,
R-NY-23,Outgoing Rep Joe Sempolinski ,US Representative,Republican,39,2/10/1983,1,"Budget, Education"
R-TX-17,Rep Pete Sessions ,US Representative,Republican,66,3/22/1955,2,"Financial Services, Oversight"
D-AL-7,Rep Terri Sewell ,US Representative,Democrat,57,1/1/1965,7,"Chief Deputy Majority Whip, Chief Deputy Whip, Co-Chair, Member | Ways and Means"
D-CA-30,Rep Brad Sherman ,US Representative,Democrat,67,10/24/1954,14,"Financial Services, Foreign Affairs, Science / Technology"
D-NJ-11,Rep Mikie Sherrill ,US Representative,Democrat,50,1/19/1972,3,"Member | Armed Services, Education, Science / Technology"
R-ID-2,Rep Mike Simpson ,US Representative,Republican,71,9/8/1950,13,Appropriations
D-NJ-8,Outgoing Rep Albio Sires ,US Representative,Democrat,71,1/26/1951,9,"Budget, Foreign Affairs, Transportation"
D-MI-8,Rep Elissa Slotkin ,US Representative,Democrat,45,7/10/1976,3,"Member | Armed Services, Homeland Security, Veterans' Affairs"
D-WA-9,Rep Adam Smith ,US Representative,Democrat,56,6/15/1965,14,Armed Services (Chair)
R-NE-3,Rep Adrian Smith ,US Representative,Republican,51,12/19/1970,9,Member | Ways and Means
R-NJ-4,Rep Chris Smith ,US Representative,Republican,69,3/4/1953,22,Member | Foreign Affairs
R-MO-8,Rep Jason Smith ,US Representative,Republican,41,6/16/1980,6,"House Republican Conference Secretary | Budget (Ranking Member), Ways and Means"
R-PA-11,Rep Lloyd Smucker ,US Representative,Republican,58,1/23/1964,4,"Vice Chair for Business Outreach | Ways and Means, Budget"
D-IL-17,Rep elect Eric Sorensen ,US Representative,Democrat,46,3/18/1976,1,
D-FL-9,Rep Darren Soto ,US Representative,Democrat,44,2/25/1978,4,"Chair | Energy, Natural Resources"
D-VA-7,Rep Abigail Spanberger ,US Representative,Democrat,42,8/7/1979,3,"Battleground Representative, Member | Foreign Affairs, Agriculture"
R-IN-5,Rep Victoria Spartz ,US Representative,Republican,43,10/6/1978,2,"Member | Judiciary, Education"
D-CA-14,Outgoing Rep Jackie Speier ,US Representative,Democrat,71,5/14/1950,8,"Co-Chair | Armed Services, Intelligence, Oversight"
D-NM-1,Rep Melanie Stansbury ,US Representative,Democrat,43,1/31/1979,2,"Member | Natural Resources, Science / Technology"
D-AZ-9,Rep Greg Stanton ,US Representative,Democrat,52,3/8/1970,3,"Judiciary, Transportation"
R-MN-8,Rep Pete Stauber ,US Representative,Republican,55,5/10/1966,3,"Member | Natural Resources, Small Business, Transportation"
R-CA-48,Rep Michelle Steel ,US Representative,Republican,66,6/21/1955,2,"Education, Transportation"
R-NY-21,Rep Elise Stefanik ,US Representative,Republican,37,7/2/1984,5,"Chair, Region I Representative | Armed Services, Intelligence, Education"
R-WI-1,Rep Bryan Steil ,US Representative,Republican,41,3/1/1981,3,"Member, Restoring the People's House | Economic Disparity and Fairness in Growth (Ranking Member), Financial Services, House Administration"
R-FL-17,Rep Greg Steube ,US Representative,Republican,43,5/19/1978,3,"Member | Judiciary, Foreign Affairs"
D-MI-11,Rep Haley Stevens ,US Representative,Democrat,38,6/24/1983,3,"Vice Chair | Science / Technology (Vice Chair), Education"
R-UT-2,Rep Chris Stewart ,US Representative,Republican,61,7/15/1960,6,"Member | Appropriations, Intelligence"
D-WA-10,Rep Marilyn Strickland ,US Representative,Democrat,59,9/25/1962,2,"Chief Deputy Whip, Member | Armed Services, Transportation"
R-AL-5,Rep elect Dale Strong ,US Representative,Republican,52,5/8/1970,1,
D-NY-3,Outgoing Rep Tom Suozzi ,US Representative,Democrat,59,8/31/1962,3,Ways and Means
D-CA-15,Rep Eric Swalwell ,US Representative,Democrat,41,11/16/1980,6,"Chair Emeritus, Co-Chair, Member | Judiciary, Intelligence, Homeland Security"
D-OH-13,Rep elect Emilia Sykes ,US Representative,Democrat,36,1/4/1986,1,
D-CA-41,Rep Mark Takano ,US Representative,Democrat,61,12/10/1960,6,"Chair, Member | Veterans' Affairs (Chair), Education"
R-TX-3,Outgoing Rep Van Taylor ,US Representative,Republican,49,8/1/1972,2,Financial Services
R-NY-22,Rep Claudia Tenney ,US Representative,Republican,61,2/4/1961,2,"Member | Foreign Affairs, Small Business"
D-MI-13,Rep elect Shri Thanedar ,US Representative,Democrat,67,2/22/1955,1,
D-MS-2,Rep Bennie Thompson ,US Representative,Democrat,74,1/28/1948,16,"Homeland Security (Chair), U.S. Capitol (Chair)"
R-PA-15,Rep GT Thompson ,US Representative,Republican,62,7/27/1959,8,"Member | Agriculture (Ranking Member), Education"
D-CA-5,Rep Mike Thompson ,US Representative,Democrat,71,1/24/1951,13,"Ways and Means, Taxation"
R-WI-7,Rep Tom Tiffany ,US Representative,Republican,64,12/30/1957,3,"Judiciary, Natural Resources"
R-SC-4,Rep William Timmons ,US Representative,Republican,37,4/30/1984,3,"116th Class Representative | Modernization of Congress (Ranking Member), Financial Services"
D-NV-1,Rep Dina Titus ,US Representative,Democrat,71,5/23/1950,6,"Member | Foreign Affairs, Homeland Security, Transportation"
D-MI-13,Rep Rashida Tlaib ,US Representative,Democrat,45,7/24/1976,3,"Financial Services, Natural Resources, Oversight"
D-HI-2,Rep elect Jill Tokuda ,US Representative,Democrat,46,3/6/1976,1,
D-NY-20,Rep Paul Tonko ,US Representative,Democrat,72,6/18/1949,8,"Energy, Natural Resources, Science / Technology"
D-CA-35,Rep Norma Torres ,US Representative,Democrat,56,4/4/1965,5,"Co-Chair, Member | Rules, Appropriations"
D-NY-15,Rep Ritchie Torres ,US Representative,Democrat,34,3/12/1988,2,"Crescendo Meeting Representative, Member | Homeland Security (Vice Chair), Financial Services"
D-MA-3,Rep Lori Trahan ,US Representative,Democrat,48,10/27/1973,3,Energy
D-MD-6,Rep David Trone ,US Representative,Democrat,66,9/21/1955,3,"Appropriations, Veterans' Affairs, Economy"
R-OH-10,Rep Mike Turner ,US Representative,Republican,62,1/11/1960,11,"Intelligence (Ranking Member), Armed Services"
D-IL-14,Rep Lauren Underwood ,US Representative,Democrat,35,10/4/1986,3,"Co-Chair, Member, Policy and Communications Committee Co-Chair | Appropriations, Veterans' Affairs"
R-MI-6,Outgoing Rep Fred Upton ,US Representative,Republican,68,4/23/1953,18,Region VII Representative | Energy
R-CA-21,Rep David Valadao ,US Representative,Republican,44,4/14/1977,2,Appropriations
R-NJ-2,Rep Jeff Van Drew ,US Representative,Republican,69,2/23/1953,3,"Homeland Security, Transportation"
R-TX-24,Rep Beth Van Duyne ,US Representative,Republican,51,11/16/1970,2,"Member | Small Business, Transportation, Modernization of Congress"
R-WI-3,Rep elect Derrick Van Orden ,US Representative,Republican,53,9/15/1969,1,
D-CA-51,Rep Juan Vargas ,US Representative,Democrat,61,3/7/1961,6,"Financial Services, Foreign Affairs"
D-NM-2,Rep elect Gabe Vasquez ,US Representative,Democrat,38,8/3/1984,1,
D-TX-33,Rep Marc Veasey ,US Representative,Democrat,51,1/3/1971,6,"Co-Chair, Member, Vice Chair | Energy, Armed Services"
D-NY-7,Rep Nydia Velázquez ,US Representative,Democrat,68,3/28/1953,16,"Member | Small Business (Chair), Financial Services, Natural Resources"
R-MO-2,Rep Ann Wagner ,US Representative,Republican,59,9/13/1962,6,"Financial Services (Assistant Ranking Minority Member), Foreign Affairs (Assistant Ranking Minority Member)"
R-MI-7,Rep Tim Walberg ,US Representative,Republican,70,4/12/1951,7,"Energy, Education"
R-FL-6,Rep Mike Waltz ,US Representative,Republican,48,1/1/1974,3,"Member | Armed Services, Science / Technology"
D-FL-23,Rep Debbie Wasserman Schultz ,US Representative,Democrat,55,9/27/1966,10,"Chief Deputy Majority Whip, Co-Chair, Member | Appropriations, Oversight"
D-CA-43,Rep Maxine Waters ,US Representative,Democrat,83,8/15/1938,17,"Financial Services Chair, Member | Financial Services (Chair)"
D-NJ-12,Rep Bonnie Watson Coleman ,US Representative,Democrat,77,2/6/1945,5,"Member | Appropriations, Homeland Security"
R-TX-14,Rep Randy Weber ,US Representative,Republican,68,6/2/1953,6,"Transportation, Science / Technology"
R-FL-11,Rep Daniel Webster ,US Representative,Republican,72,4/27/1949,7,"Natural Resources, Transportation, Science / Technology"
R-OH-2,Rep Brad Wenstrup ,US Representative,Republican,63,6/17/1958,6,"Chair, Member | Ways and Means, Intelligence"
R-AR-4,Rep Bruce Westerman ,US Representative,Republican,54,11/18/1967,5,"Member | Natural Resources (Ranking Member), Transportation"
D-VA-10,Rep Jennifer Wexton ,US Representative,Democrat,53,5/27/1968,3,"Appropriations, Budget"
D-PA-7,Rep Susan Wild ,US Representative,Democrat,64,6/7/1957,3,"Member | Ethics (Chair), Foreign Affairs, Education, Science / Technology"
R-NY-22,Rep elect Brandon Williams ,US Representative,Republican,55,5/22/1967,1,
D-GA-5,Rep Nikema Williams ,US Representative,Democrat,43,7/30/1978,2,"Financial Services, Transportation, Modernization of Congress"
R-TX-25,Rep Roger Williams ,US Representative,Republican,72,9/13/1949,6,"Member | Small Business (Assistant Ranking Minority Member), Financial Services"
D-FL-24,Rep Frederica Wilson ,US Representative,Democrat,79,11/5/1942,7,"Member | Education, Transportation"
R-SC-2,Rep Joe Wilson ,US Representative,Republican,74,7/31/1947,12,"Armed Services, Foreign Affairs, Education"
R-VA-1,Rep Rob Wittman ,US Representative,Republican,63,2/3/1959,9,"Member | Armed Services, Natural Resources"
R-AR-3,Rep Steve Womack ,US Representative,Republican,65,2/18/1957,7,Region VIII Representative | Appropriations
R-IN-2,Rep Rudy Yakym ,US Representative,Republican,38,2/24/1984,2,
D-KY-3,Outgoing Rep John Yarmuth ,US Representative,Democrat,74,11/4/1947,8,"Budget Chair, Member | Budget (Chair)"
R-NY-1,Outgoing Rep Lee Zeldin ,US Representative,Republican,42,1/30/1980,4,"Financial Services, Foreign Affairs"
R-MT-1,Rep elect Ryan Zinke ,US Representative,Republican,61,9/1/1961,1,
